1 91 87 SELL
2 109 94 SELL
3 100 93 SELL
4 100 63 SELL
5 110 60 SELL
6 97 41 BUY
7 106 37 SELL
8 104 68 SELL
9 92 31 BUY
10 103 68 SELL
11 95 3 BUY
12 102 70 SELL
13 91 57 SELL
14 106 30 SELL
15 102 20 BUY
16 100 99 BUY
17 92 71 SELL
18 109 92 BUY
19 98 74 BUY
20 101 97 SELL
21 99 26 BUY
22 102 37 SELL
23 109 30 SELL
24 104 25 SELL
25 99 46 BUY
26 99 35 BUY
27 99 51 SELL
28 93 77 BUY
29 101 85 SELL
30 92 55 SELL
31 102 61 BUY
32 90 40 BUY
33 94 87 BUY
34 104 96 BUY
35 107 79 SELL
36 102 98 BUY
37 93 93 BUY
38 98 2 BUY
39 110 42 SELL
40 110 45 SELL
41 109 30 SELL
42 94 98 SELL
43 93 76 SELL
44 109 68 BUY
45 95 54 BUY
46 104 7 SELL
47 101 25 BUY
48 93 33 SELL
49 93 20 BUY
50 93 9 SELL
51 100 50 BUY
52 101 19 SELL
53 110 52 SELL
54 104 80 BUY
55 92 29 SELL
56 107 94 BUY
57 95 65 BUY
58 100 88 BUY
59 90 92 SELL
60 91 60 BUY
61 106 52 SELL
62 103 76 SELL
63 102 22 BUY
64 106 30 SELL
65 105 94 BUY
66 95 44 SELL
67 108 30 BUY
68 103 44 SELL
69 110 39 BUY
70 106 5 BUY
71 90 89 SELL
72 102 18 BUY
73 104 44 BUY
74 98 91 SELL
75 100 26 BUY
76 96 6 SELL
77 98 87 SELL
78 95 43 BUY
79 109 8 SELL
80 103 49 SELL
81 98 29 SELL
82 102 47 BUY
83 109 23 SELL
84 94 6 SELL
85 91 31 BUY
86 104 21 BUY
87 106 27 BUY
88 101 9 BUY
89 99 59 BUY
90 99 63 BUY
91 99 37 BUY
92 98 80 BUY
93 107 72 SELL
94 92 82 BUY
95 94 95 BUY
96 99 100 SELL
97 95 97 SELL
98 96 14 BUY
99 95 96 BUY
100 107 85 BUY
101 109 85 BUY
102 99 37 SELL
103 108 57 SELL
104 90 88 BUY
105 91 73 SELL
106 102 37 BUY
107 105 88 BUY
108 108 14 BUY
109 94 56 SELL
110 103 22 BUY
111 106 12 BUY
112 107 6 BUY
113 98 51 BUY
114 97 21 BUY
115 106 70 BUY
116 106 31 BUY
117 109 73 BUY
118 107 26 SELL
119 92 100 BUY
120 92 99 SELL
121 92 91 BUY
122 101 10 SELL
123 108 37 BUY
124 103 95 BUY
125 92 70 SELL
126 98 51 SELL
127 106 43 SELL
128 100 94 SELL
129 107 68 BUY
130 109 62 BUY
131 102 60 BUY
132 103 3 BUY
133 101 22 BUY
134 90 29 SELL
135 91 9 BUY
136 105 37 BUY
137 100 49 SELL
138 91 34 BUY
139 93 55 SELL
140 90 69 SELL
141 95 47 BUY
142 101 50 BUY
143 103 34 SELL
144 107 54 BUY
145 102 26 BUY
146 100 76 BUY
147 99 30 BUY
148 96 15 SELL
149 105 5 BUY
150 109 51 BUY
151 109 3 BUY
152 105 100 SELL
153 107 3 BUY
154 93 1 SELL
155 92 39 SELL
156 107 36 BUY
157 106 93 SELL
158 99 5 SELL
159 100 65 SELL
160 100 44 SELL
161 102 1 BUY
162 95 50 SELL
163 92 89 BUY
164 104 44 BUY
165 108 91 BUY
166 104 42 SELL
167 107 33 SELL
168 108 61 SELL
169 102 62 SELL
170 96 91 SELL
171 107 68 SELL
172 102 91 BUY
173 109 58 BUY
174 98 6 BUY
175 110 87 BUY
176 90 27 BUY
177 94 53 BUY
178 106 47 BUY
179 92 71 SELL
180 105 32 SELL
181 103 28 BUY
182 103 15 SELL
183 101 91 BUY
184 90 11 SELL
185 93 75 SELL
186 110 21 SELL
187 96 89 BUY
188 109 71 BUY
189 92 18 BUY
190 97 50 SELL
191 90 60 SELL
192 108 46 SELL
193 109 59 SELL
194 95 90 SELL
195 103 79 SELL
196 103 72 SELL
197 90 60 BUY
198 103 26 BUY
199 93 34 SELL
200 97 94 BUY
201 94 100 SELL
202 103 70 SELL
203 94 95 SELL
204 103 32 BUY
205 96 91 BUY
206 91 58 SELL
207 110 58 BUY
208 110 48 SELL
209 108 22 SELL
210 104 55 BUY
211 92 26 SELL
212 106 17 BUY
213 93 40 BUY
214 109 39 BUY
215 108 22 BUY
216 93 13 SELL
217 105 86 BUY
218 108 77 SELL
219 98 60 SELL
220 100 100 SELL
221 98 51 BUY
222 91 19 SELL
223 99 50 BUY
224 93 6 BUY
225 103 76 SELL
226 96 90 BUY
227 105 19 SELL
228 109 23 BUY
229 98 31 SELL
230 98 27 SELL
231 93 54 SELL
232 105 15 SELL
233 107 78 BUY
234 101 89 SELL
235 101 33 BUY
236 110 47 SELL
237 91 92 SELL
238 104 74 BUY
239 105 92 BUY
240 108 18 BUY
241 107 56 BUY
242 104 31 BUY
243 92 62 SELL
244 93 90 SELL
245 105 52 SELL
246 100 69 SELL
247 102 7 SELL
248 104 50 BUY
249 100 27 SELL
250 99 97 SELL
251 109 61 BUY
252 101 71 BUY
253 93 43 BUY
254 94 80 SELL
255 110 85 BUY
256 107 35 BUY
257 93 73 BUY
258 103 64 SELL
259 93 31 SELL
260 92 60 BUY
261 105 25 BUY
262 93 33 BUY
263 94 44 BUY
264 99 41 BUY
265 97 63 BUY
266 99 42 BUY
267 106 25 BUY
268 96 55 SELL
269 102 58 SELL
270 99 72 BUY
271 102 19 SELL
272 106 54 SELL
273 104 60 BUY
274 98 98 BUY
275 90 9 BUY
276 94 92 BUY
277 99 16 BUY
278 98 90 SELL
279 101 11 BUY
280 97 10 SELL
281 93 79 SELL
282 108 82 BUY
283 90 90 BUY
284 106 48 SELL
285 94 32 BUY
286 95 82 SELL
287 102 80 BUY
288 97 51 SELL
289 96 58 BUY
290 98 82 SELL
291 107 34 BUY
292 92 88 SELL
293 103 26 BUY
294 97 93 SELL
295 102 33 BUY
296 105 7 SELL
297 94 9 SELL
298 103 63 SELL
299 96 77 BUY
300 107 10 SELL
301 99 83 SELL
302 108 64 BUY
303 108 12 SELL
304 91 86 BUY
305 105 84 BUY
306 106 17 BUY
307 102 26 BUY
308 97 26 BUY
309 101 61 BUY
310 104 38 BUY
311 90 22 BUY
312 106 89 SELL
313 107 71 SELL
314 92 9 BUY
315 99 51 SELL
316 108 28 BUY
317 101 72 SELL
318 90 11 BUY
319 105 99 BUY
320 106 94 SELL
321 102 77 SELL
322 109 32 SELL
323 108 100 SELL
324 109 53 SELL
325 98 36 BUY
326 107 85 SELL
327 105 6 BUY
328 100 55 BUY
329 98 94 BUY
330 90 56 BUY
331 108 46 BUY
332 98 98 SELL
333 103 28 BUY
334 95 94 BUY
335 97 35 SELL
336 98 86 SELL
337 98 62 BUY
338 103 42 BUY
339 99 51 BUY
340 95 100 SELL
341 108 74 SELL
342 90 52 BUY
343 104 64 SELL
344 101 38 SELL
345 104 29 SELL
346 101 88 BUY
347 106 42 BUY
348 90 66 SELL
349 95 18 SELL
350 110 52 BUY
351 92 7 BUY
352 90 65 SELL
353 106 55 BUY
354 90 80 SELL
355 107 39 SELL
356 100 71 BUY
357 106 61 SELL
358 100 66 BUY
359 90 87 SELL
360 102 70 SELL
361 96 22 SELL
362 108 90 SELL
363 103 74 BUY
364 96 49 SELL
365 92 14 SELL
366 92 50 SELL
367 110 94 BUY
368 104 61 SELL
369 91 87 SELL
370 97 78 BUY
371 108 82 SELL
372 98 24 BUY
373 110 55 SELL
374 94 43 BUY
375 100 20 SELL
376 100 70 BUY
377 103 77 SELL
378 107 34 SELL
379 108 57 SELL
380 90 67 SELL
381 92 13 BUY
382 98 3 BUY
383 103 3 BUY
384 104 19 BUY
385 98 78 SELL
386 103 74 SELL
387 106 26 SELL
388 102 97 BUY
389 105 54 BUY
390 107 81 SELL
391 103 49 SELL
392 95 30 SELL
393 100 61 BUY
394 106 20 BUY
395 104 3 BUY
396 109 27 SELL
397 106 41 BUY
398 94 39 SELL
399 101 32 BUY
400 92 6 BUY
401 92 92 BUY
402 97 22 SELL
403 96 72 BUY
404 108 96 SELL
405 97 89 BUY
406 108 70 BUY
407 92 11 SELL
408 102 34 SELL
409 91 80 BUY
410 95 100 SELL
411 95 65 BUY
412 91 87 SELL
413 110 16 BUY
414 102 12 BUY
415 102 88 BUY
416 96 74 SELL
417 93 43 BUY
418 108 25 SELL
419 90 64 BUY
420 98 13 SELL
421 104 5 SELL
422 99 35 SELL
423 92 36 SELL
424 108 70 BUY
425 104 3 SELL
426 90 90 BUY
427 107 61 BUY
428 106 58 SELL
429 91 17 BUY
430 95 23 SELL
431 95 80 SELL
432 93 79 SELL
433 96 46 BUY
434 109 100 SELL
435 103 87 SELL
436 110 49 BUY
437 104 7 SELL
438 104 18 BUY
439 106 21 BUY
440 105 95 BUY
441 107 38 SELL
442 95 18 BUY
443 110 18 SELL
444 107 57 BUY
445 100 46 SELL
446 101 72 SELL
447 91 60 SELL
448 95 53 SELL
449 109 26 SELL
450 110 92 SELL
451 108 67 BUY
452 90 51 BUY
453 92 34 SELL
454 108 100 BUY
455 98 69 SELL
456 95 43 SELL
457 101 64 BUY
458 107 40 BUY
459 110 32 BUY
460 92 5 SELL
461 95 84 BUY
462 105 96 BUY
463 103 73 BUY
464 95 59 SELL
465 97 53 SELL
466 105 47 SELL
467 92 84 SELL
468 91 26 BUY
469 97 40 BUY
470 106 97 BUY
471 106 95 SELL
472 96 20 BUY
473 100 93 BUY
474 95 80 BUY
475 97 36 SELL
476 97 8 SELL
477 102 71 BUY
478 93 85 SELL
479 96 1 BUY
480 104 97 BUY
481 98 64 SELL
482 92 74 BUY
483 109 24 SELL
484 107 52 BUY
485 106 5 SELL
486 110 3 SELL
487 105 92 SELL
488 100 85 SELL
489 92 20 SELL
490 100 29 SELL
491 105 20 SELL
492 109 24 BUY
493 108 40 SELL
494 91 89 BUY
495 103 81 BUY
496 93 19 BUY
497 90 99 SELL
498 98 6 SELL
499 97 67 BUY
500 90 73 BUY
501 97 67 SELL
502 106 48 BUY
503 105 87 BUY
504 102 78 BUY
505 102 98 BUY
506 110 36 SELL
507 91 99 SELL
508 97 62 BUY
509 93 4 SELL
510 98 29 SELL
511 109 34 SELL
512 109 82 BUY
513 98 98 BUY
514 98 9 SELL
515 101 14 SELL
516 102 17 BUY
517 101 76 SELL
518 110 31 BUY
519 99 17 SELL
520 109 53 SELL
521 91 16 SELL
522 96 29 BUY
523 105 14 BUY
524 91 63 BUY
525 96 64 BUY
526 91 98 BUY
527 98 83 BUY
528 97 21 BUY
529 93 66 BUY
530 95 35 BUY
531 103 54 BUY
532 100 87 BUY
533 102 35 SELL
534 102 35 SELL
535 91 16 BUY
536 101 25 BUY
537 108 52 BUY
538 110 44 SELL
539 96 62 BUY
540 107 61 BUY
541 107 21 SELL
542 97 25 BUY
543 94 9 BUY
544 104 71 BUY
545 91 67 SELL
546 107 16 SELL
547 102 33 BUY
548 108 94 SELL
549 100 81 BUY
550 108 14 BUY
551 110 45 SELL
552 104 39 SELL
553 98 74 SELL
554 105 69 SELL
555 107 84 SELL
556 109 36 BUY
557 90 70 BUY
558 96 73 SELL
559 94 12 SELL
560 106 58 BUY
561 95 40 SELL
562 95 15 SELL
563 95 19 BUY
564 101 84 BUY
565 106 98 BUY
566 91 75 SELL
567 104 91 SELL
568 102 50 SELL
569 103 91 BUY
570 92 30 SELL
571 103 23 BUY
572 92 44 SELL
573 108 67 SELL
574 91 54 BUY
575 94 21 SELL
576 97 88 SELL
577 98 22 BUY
578 104 6 SELL
579 90 29 SELL
580 110 28 BUY
581 98 64 SELL
582 91 84 BUY
583 103 24 BUY
584 100 12 SELL
585 96 64 BUY
586 107 69 SELL
587 91 61 BUY
588 108 10 SELL
589 101 88 BUY
590 95 58 SELL
591 102 30 BUY
592 91 43 BUY
593 103 10 SELL
594 104 55 BUY
595 102 60 SELL
596 94 74 SELL
597 102 72 SELL
598 93 100 BUY
599 104 56 SELL
600 103 81 SELL
601 92 4 BUY
602 107 1 BUY
603 103 13 BUY
604 101 60 BUY
605 98 95 SELL
606 98 37 BUY
607 91 27 BUY
608 100 38 SELL
609 97 22 BUY
610 103 64 BUY
611 94 87 BUY
612 103 59 BUY
613 103 11 BUY
614 90 70 BUY
615 91 47 BUY
616 93 6 BUY
617 108 66 SELL
618 94 91 BUY
619 90 39 SELL
620 105 1 BUY
621 100 33 BUY
622 91 18 SELL
623 92 98 SELL
624 102 29 SELL
625 109 71 SELL
626 107 81 BUY
627 98 34 SELL
628 95 1 BUY
629 97 86 BUY
630 99 91 BUY
631 110 48 SELL
632 95 62 BUY
633 106 31 SELL
634 93 21 BUY
635 110 39 BUY
636 100 31 BUY
637 91 86 BUY
638 105 81 BUY
639 109 3 SELL
640 108 23 SELL
641 96 58 SELL
642 93 93 BUY
643 93 87 BUY
644 107 50 SELL
645 94 57 SELL
646 98 49 BUY
647 97 83 SELL
648 108 77 SELL
649 97 21 SELL
650 97 6 BUY
651 108 83 SELL
652 95 37 SELL
653 102 85 SELL
654 106 25 BUY
655 103 37 BUY
656 108 43 BUY
657 97 24 SELL
658 100 12 SELL
659 97 61 BUY
660 99 56 SELL
661 93 90 SELL
662 98 59 SELL
663 96 76 SELL
664 101 75 BUY
665 97 78 BUY
666 104 70 SELL
667 109 34 BUY
668 92 7 SELL
669 91 17 BUY
670 101 71 SELL
671 101 87 BUY
672 93 78 BUY
673 99 36 SELL
674 103 47 SELL
675 96 13 BUY
676 107 41 SELL
677 97 75 BUY
678 93 3 BUY
679 92 52 SELL
680 100 91 SELL
681 103 77 BUY
682 98 96 SELL
683 90 32 SELL
684 108 21 SELL
685 110 89 SELL
686 106 75 SELL
687 93 70 BUY
688 97 53 BUY
689 109 83 SELL
690 91 78 SELL
691 94 91 SELL
692 99 61 BUY
693 93 48 SELL
694 96 29 SELL
695 104 29 SELL
696 99 77 SELL
697 95 91 BUY
698 92 60 BUY
699 90 85 SELL
700 90 39 BUY
701 101 40 BUY
702 94 76 BUY
703 91 27 BUY
704 97 29 BUY
705 107 80 BUY
706 105 45 BUY
707 106 12 SELL
708 94 58 BUY
709 97 35 BUY
710 110 96 BUY
711 104 33 SELL
712 109 68 BUY
713 97 2 BUY
714 101 64 BUY
715 104 28 BUY
716 101 34 BUY
717 108 55 SELL
718 106 60 SELL
719 100 2 SELL
720 90 19 BUY
721 94 36 BUY
722 96 44 BUY
723 104 54 SELL
724 98 14 BUY
725 103 52 BUY
726 93 100 SELL
727 96 82 SELL
728 93 90 BUY
729 109 37 BUY
730 102 5 BUY
731 109 34 BUY
732 102 65 SELL
733 102 25 BUY
734 93 39 SELL
735 100 35 BUY
736 97 46 SELL
737 98 67 BUY
738 100 57 SELL
739 103 27 BUY
740 96 61 BUY
741 95 56 SELL
742 90 96 BUY
743 105 47 BUY
744 99 64 BUY
745 108 9 BUY
746 98 62 SELL
747 105 56 SELL
748 99 45 BUY
749 98 92 BUY
750 92 48 BUY
751 99 82 BUY
752 102 30 SELL
753 108 35 SELL
754 108 2 BUY
755 91 44 BUY
756 109 12 SELL
757 101 57 BUY
758 96 60 BUY
759 94 11 BUY
760 96 98 SELL
761 91 25 BUY
762 97 26 SELL
763 103 20 SELL
764 101 81 BUY
765 93 97 SELL
766 108 4 BUY
767 109 47 BUY
768 106 95 SELL
769 103 53 BUY
770 98 99 SELL
771 91 45 BUY
772 108 48 SELL
773 107 1 BUY
774 103 8 BUY
775 103 80 SELL
776 102 76 BUY
777 110 5 BUY
778 96 27 BUY
779 93 86 BUY
780 102 24 BUY
781 108 38 SELL
782 94 11 BUY
783 93 70 BUY
784 103 51 BUY
785 97 57 SELL
786 99 29 BUY
787 103 84 BUY
788 100 24 SELL
789 94 62 BUY
790 108 8 SELL
791 110 12 BUY
792 98 45 SELL
793 99 38 BUY
794 103 61 BUY
795 101 42 BUY
796 92 83 SELL
797 94 34 BUY
798 106 45 SELL
799 97 11 SELL
800 102 84 BUY
801 108 13 SELL
802 95 43 BUY
803 101 21 SELL
804 100 51 SELL
805 105 38 BUY
806 108 15 BUY
807 95 55 SELL
808 110 65 BUY
809 96 20 BUY
810 95 61 SELL
811 100 7 SELL
812 105 100 SELL
813 93 2 SELL
814 109 30 BUY
815 103 87 SELL
816 104 80 SELL
817 97 90 SELL
818 95 48 SELL
819 105 81 BUY
820 110 100 BUY
821 109 15 SELL
822 95 85 BUY
823 105 8 BUY
824 98 19 SELL
825 91 32 SELL
826 93 87 BUY
827 107 18 SELL
828 92 59 BUY
829 108 54 SELL
830 93 18 BUY
831 107 81 BUY
832 100 7 BUY
833 98 39 SELL
834 92 53 BUY
835 90 46 SELL
836 106 57 SELL
837 95 3 BUY
838 102 86 SELL
839 107 75 BUY
840 109 89 SELL
841 99 39 SELL
842 100 80 BUY
843 108 67 BUY
844 105 51 BUY
845 109 60 BUY
846 109 36 BUY
847 102 7 BUY
848 91 14 SELL
849 103 55 BUY
850 109 11 BUY
851 107 33 BUY
852 95 87 SELL
853 100 5 SELL
854 110 47 SELL
855 93 83 BUY
856 93 44 BUY
857 110 20 BUY
858 96 77 SELL
859 97 76 SELL
860 107 20 SELL
861 106 78 SELL
862 94 81 SELL
863 96 32 BUY
864 102 21 BUY
865 109 57 SELL
866 100 29 BUY
867 109 49 BUY
868 97 19 BUY
869 99 73 SELL
870 109 40 SELL
871 104 10 BUY
872 108 71 BUY
873 95 56 SELL
874 101 30 SELL
875 97 43 BUY
876 105 7 BUY
877 96 9 SELL
878 106 4 SELL
879 91 8 SELL
880 104 27 SELL
881 102 72 BUY
882 104 27 BUY
883 92 77 SELL
884 93 79 BUY
885 109 27 SELL
886 96 5 SELL
887 101 59 BUY
888 97 9 SELL
889 94 31 BUY
890 92 52 BUY
891 91 93 BUY
892 105 81 BUY
893 95 50 BUY
894 106 29 BUY
895 110 88 BUY
896 102 39 BUY
897 94 59 BUY
898 104 47 BUY
899 93 75 BUY
900 97 15 BUY
901 107 57 BUY
902 96 16 BUY
903 104 61 SELL
904 92 47 BUY
905 94 56 SELL
906 92 34 BUY
907 103 84 BUY
908 110 17 BUY
909 108 38 SELL
910 96 4 SELL
911 109 43 SELL
912 96 78 BUY
913 91 87 BUY
914 95 94 SELL
915 90 29 BUY
916 91 67 BUY
917 107 67 SELL
918 104 87 SELL
919 108 36 BUY
920 103 96 BUY
921 91 17 BUY
922 93 93 BUY
923 102 7 BUY
924 102 4 BUY
925 106 18 BUY
926 92 35 BUY
927 94 94 BUY
928 95 5 SELL
929 106 14 BUY
930 110 45 SELL
931 93 62 BUY
932 91 27 BUY
933 109 51 BUY
934 98 97 SELL
935 103 12 BUY
936 105 3 BUY
937 103 53 SELL
938 110 47 SELL
939 103 51 SELL
940 100 54 SELL
941 109 58 BUY
942 102 11 SELL
943 90 38 SELL
944 93 78 SELL
945 95 75 BUY
946 94 55 BUY
947 91 40 BUY
948 101 43 SELL
949 96 3 SELL
950 94 55 BUY
951 108 47 BUY
952 96 95 BUY
953 100 43 BUY
954 91 97 SELL
955 102 13 SELL
956 101 55 BUY
957 94 61 SELL
958 104 25 SELL
959 93 3 SELL
960 98 7 SELL
961 99 35 BUY
962 94 47 BUY
963 109 70 SELL
964 95 58 SELL
965 106 59 SELL
966 91 84 SELL
967 104 87 BUY
968 96 69 BUY
969 110 28 BUY
970 90 67 SELL
971 94 34 SELL
972 92 95 SELL
973 100 56 BUY
974 96 8 SELL
975 102 78 SELL
976 104 94 BUY
977 102 58 BUY
978 99 61 SELL
979 104 45 BUY
980 103 12 BUY
981 102 69 SELL
982 94 61 SELL
983 106 88 SELL
984 104 88 BUY
985 110 14 SELL
986 94 25 SELL
987 107 75 BUY
988 110 30 SELL
989 97 61 SELL
990 92 74 SELL
991 101 25 SELL
992 110 46 SELL
993 104 89 SELL
994 99 69 BUY
995 101 1 SELL
996 103 37 SELL
997 107 18 BUY
998 106 77 SELL
999 103 35 SELL
1000 97 71 BUY
1001 108 52 BUY
1002 98 11 BUY
1003 91 93 BUY
1004 92 54 BUY
1005 107 53 BUY
1006 108 15 SELL
1007 105 39 BUY
1008 110 29 BUY
1009 109 46 BUY
1010 95 38 BUY
1011 105 66 BUY
1012 102 48 BUY
1013 94 98 BUY
1014 93 3 SELL
1015 93 51 SELL
1016 92 6 SELL
1017 94 92 SELL
1018 95 89 SELL
1019 92 24 BUY
1020 92 59 BUY
1021 98 66 SELL
1022 95 21 BUY
1023 106 23 BUY
1024 103 58 BUY
1025 95 96 BUY
1026 110 41 SELL
1027 98 76 SELL
1028 99 24 SELL
1029 102 59 BUY
1030 101 17 BUY
1031 102 71 SELL
1032 103 73 BUY
1033 110 81 BUY
1034 102 39 SELL
1035 104 100 SELL
1036 107 20 SELL
1037 91 13 BUY
1038 108 18 SELL
1039 99 63 BUY
1040 98 96 BUY
1041 93 55 BUY
1042 95 57 BUY
1043 99 97 BUY
1044 103 30 BUY
1045 94 1 SELL
1046 110 16 BUY
1047 95 29 BUY
1048 110 83 BUY
1049 103 18 BUY
1050 90 58 SELL
1051 97 8 SELL
1052 107 37 SELL
1053 104 19 SELL
1054 106 74 BUY
1055 101 13 BUY
1056 94 31 BUY
1057 103 20 BUY
1058 94 56 SELL
1059 96 13 BUY
1060 100 98 SELL
1061 94 31 BUY
1062 90 30 SELL
1063 101 19 SELL
1064 104 78 BUY
1065 110 45 SELL
1066 91 71 SELL
1067 105 27 SELL
1068 107 73 BUY
1069 95 80 BUY
1070 99 60 SELL
1071 103 10 SELL
1072 110 82 BUY
1073 105 38 BUY
1074 94 21 SELL
1075 109 12 SELL
1076 96 16 SELL
1077 90 44 SELL
1078 95 81 SELL
1079 90 8 BUY
1080 109 92 BUY
1081 110 94 SELL
1082 96 68 BUY
1083 105 55 SELL
1084 109 73 SELL
1085 103 47 SELL
1086 94 43 BUY
1087 107 90 BUY
1088 109 64 BUY
1089 106 68 SELL
1090 104 66 SELL
1091 91 7 BUY
1092 91 21 SELL
1093 102 89 SELL
1094 93 29 SELL
1095 99 70 SELL
1096 98 60 SELL
1097 91 17 BUY
1098 90 67 SELL
1099 92 86 BUY
1100 98 2 SELL
1101 99 78 SELL
1102 106 19 SELL
1103 95 63 SELL
1104 102 94 SELL
1105 108 36 BUY
1106 93 50 SELL
1107 96 54 SELL
1108 102 40 SELL
1109 91 92 SELL
1110 105 65 BUY
1111 98 56 BUY
1112 92 52 BUY
1113 108 78 BUY
1114 102 82 SELL
1115 106 90 SELL
1116 97 47 BUY
1117 94 95 SELL
1118 95 76 BUY
1119 94 5 SELL
1120 109 96 SELL
1121 110 70 BUY
1122 97 30 BUY
1123 90 100 SELL
1124 103 67 BUY
1125 93 59 SELL
1126 92 50 SELL
1127 106 47 BUY
1128 96 17 SELL
1129 100 78 SELL
1130 97 17 BUY
1131 98 38 BUY
1132 109 67 SELL
1133 104 22 BUY
1134 107 70 BUY
1135 91 52 SELL
1136 94 6 BUY
1137 96 31 BUY
1138 104 30 BUY
1139 109 44 BUY
1140 110 62 BUY
1141 99 2 SELL
1142 109 71 SELL
1143 94 19 BUY
1144 96 25 BUY
1145 106 21 SELL
1146 95 48 BUY
1147 110 1 BUY
1148 96 26 BUY
1149 98 51 SELL
1150 101 79 BUY
1151 101 5 BUY
1152 95 52 BUY
1153 92 48 BUY
1154 108 44 BUY
1155 94 59 BUY
1156 94 51 BUY
1157 110 70 BUY
1158 95 13 BUY
1159 96 48 BUY
1160 101 50 BUY
1161 96 37 BUY
1162 107 52 SELL
1163 94 55 BUY
1164 108 21 BUY
1165 102 71 BUY
1166 100 8 SELL
1167 105 90 BUY
1168 100 94 BUY
1169 100 54 SELL
1170 101 9 BUY
1171 102 24 SELL
1172 109 2 BUY
1173 100 63 BUY
1174 102 27 SELL
1175 95 70 SELL
1176 99 11 SELL
1177 93 2 BUY
1178 97 43 SELL
1179 96 13 BUY
1180 99 12 BUY
1181 93 20 SELL
1182 93 92 BUY
1183 100 31 SELL
1184 98 37 SELL
1185 100 53 BUY
1186 110 90 BUY
1187 91 97 SELL
1188 105 97 BUY
1189 92 100 BUY
1190 100 59 SELL
1191 96 23 BUY
1192 108 75 SELL
1193 108 72 BUY
1194 100 67 BUY
1195 102 81 SELL
1196 102 36 BUY
1197 110 41 BUY
1198 95 87 BUY
1199 109 17 BUY
1200 99 86 BUY
1201 96 52 BUY
1202 107 41 SELL
1203 94 54 BUY
1204 104 55 BUY
1205 107 73 BUY
1206 107 73 SELL
1207 94 22 SELL
1208 110 21 BUY
1209 94 11 BUY
1210 98 10 SELL
1211 104 76 BUY
1212 97 28 BUY
1213 99 10 BUY
1214 99 100 BUY
1215 103 39 BUY
1216 100 26 BUY
1217 107 52 BUY
1218 105 64 BUY
1219 109 58 BUY
1220 98 35 SELL
1221 104 4 BUY
1222 109 39 BUY
1223 91 64 SELL
1224 107 4 SELL
1225 105 27 SELL
1226 93 59 BUY
1227 106 93 SELL
1228 98 65 BUY
1229 95 64 BUY
1230 94 8 BUY
1231 101 29 SELL
1232 103 34 SELL
1233 95 60 BUY
1234 100 12 BUY
1235 110 96 BUY
1236 98 32 BUY
1237 105 97 SELL
1238 92 59 SELL
1239 96 44 BUY
1240 101 61 SELL
1241 91 71 SELL
1242 103 98 SELL
1243 100 21 BUY
1244 110 2 BUY
1245 101 39 SELL
1246 106 24 SELL
1247 91 29 SELL
1248 95 9 SELL
1249 110 80 BUY
1250 93 47 BUY
1251 110 48 SELL
1252 95 38 BUY
1253 106 52 SELL
1254 100 8 BUY
1255 95 10 BUY
1256 106 36 SELL
1257 91 92 SELL
1258 107 24 BUY
1259 101 98 SELL
1260 95 75 BUY
1261 93 66 SELL
1262 106 50 SELL
1263 105 57 BUY
1264 90 2 SELL
1265 95 98 BUY
1266 94 39 SELL
1267 97 9 BUY
1268 94 4 SELL
1269 110 86 SELL
1270 107 99 SELL
1271 93 7 BUY
1272 90 75 SELL
1273 110 54 SELL
1274 102 68 SELL
1275 105 70 BUY
1276 109 47 BUY
1277 109 25 BUY
1278 105 80 SELL
1279 103 26 BUY
1280 100 37 SELL
1281 101 16 SELL
1282 102 10 SELL
1283 110 58 SELL
1284 95 61 BUY
1285 109 32 BUY
1286 94 26 BUY
1287 106 84 BUY
1288 100 44 SELL
1289 93 33 BUY
1290 95 98 BUY
1291 91 64 SELL
1292 102 100 SELL
1293 104 52 BUY
1294 92 32 BUY
1295 104 88 SELL
1296 106 71 SELL
1297 97 69 BUY
1298 109 92 SELL
1299 100 93 SELL
1300 92 59 BUY
1301 100 92 SELL
1302 102 98 SELL
1303 99 100 BUY
1304 91 54 SELL
1305 107 29 SELL
1306 103 46 SELL
1307 95 51 SELL
1308 103 20 BUY
1309 98 81 SELL
1310 93 10 SELL
1311 98 95 SELL
1312 101 4 BUY
1313 95 94 SELL
1314 98 26 SELL
1315 93 13 SELL
1316 99 33 SELL
1317 101 16 SELL
1318 91 45 SELL
1319 97 15 SELL
1320 103 10 BUY
1321 91 76 BUY
1322 101 32 BUY
1323 103 72 SELL
1324 92 5 SELL
1325 107 58 SELL
1326 101 73 SELL
1327 108 18 BUY
1328 95 64 BUY
1329 97 54 BUY
1330 106 82 SELL
1331 101 9 SELL
1332 90 75 BUY
1333 107 29 SELL
1334 98 23 BUY
1335 99 58 SELL
1336 90 67 SELL
1337 103 42 BUY
1338 97 39 SELL
1339 91 25 SELL
1340 108 84 BUY
1341 90 73 BUY
1342 109 43 BUY
1343 109 92 BUY
1344 96 19 SELL
1345 98 49 BUY
1346 94 46 BUY
1347 97 90 BUY
1348 97 48 BUY
1349 91 16 SELL
1350 109 8 BUY
1351 101 86 SELL
1352 110 76 SELL
1353 103 11 BUY
1354 96 13 SELL
1355 107 87 SELL
1356 92 42 SELL
1357 102 50 BUY
1358 93 81 BUY
1359 108 98 SELL
1360 94 5 SELL
1361 105 85 BUY
1362 109 48 SELL
1363 107 18 SELL
1364 95 74 SELL
1365 97 91 SELL
1366 105 78 BUY
1367 93 2 BUY
1368 97 4 BUY
1369 100 23 SELL
1370 105 86 BUY
1371 102 78 BUY
1372 96 71 SELL
1373 104 59 BUY
1374 101 86 SELL
1375 91 69 SELL
1376 103 62 SELL
1377 97 58 BUY
1378 101 47 BUY
1379 99 79 BUY
1380 91 67 SELL
1381 94 70 SELL
1382 100 25 SELL
1383 107 8 BUY
1384 106 32 SELL
1385 103 5 SELL
1386 92 66 SELL
1387 96 8 BUY
1388 108 79 BUY
1389 103 61 SELL
1390 100 55 SELL
1391 101 12 SELL
1392 101 70 SELL
1393 98 27 BUY
1394 106 96 SELL
1395 91 7 BUY
1396 98 50 SELL
1397 99 1 BUY
1398 101 15 SELL
1399 104 43 SELL
1400 103 63 SELL
1401 107 61 SELL
1402 110 61 BUY
1403 93 39 BUY
1404 93 1 SELL
1405 100 32 BUY
1406 92 5 SELL
1407 103 28 SELL
1408 97 12 BUY
1409 104 3 BUY
1410 91 30 SELL
1411 98 9 SELL
1412 91 61 SELL
1413 99 11 BUY
1414 97 65 BUY
1415 100 54 BUY
1416 97 88 BUY
1417 91 79 SELL
1418 109 38 SELL
1419 103 45 SELL
1420 109 59 BUY
1421 109 38 SELL
1422 98 47 SELL
1423 102 1 SELL
1424 92 80 SELL
1425 101 30 SELL
1426 110 10 BUY
1427 101 21 BUY
1428 108 59 SELL
1429 97 96 SELL
1430 105 21 SELL
1431 100 49 SELL
1432 100 92 SELL
1433 100 10 SELL
1434 107 43 BUY
1435 97 94 SELL
1436 103 43 BUY
1437 106 46 BUY
1438 98 82 SELL
1439 104 16 BUY
1440 95 100 BUY
1441 93 13 BUY
1442 107 15 SELL
1443 93 71 BUY
1444 104 34 BUY
1445 105 24 SELL
1446 106 96 SELL
1447 93 83 BUY
1448 105 69 BUY
1449 102 90 SELL
1450 95 90 BUY
1451 99 28 SELL
1452 95 45 SELL
1453 106 35 SELL
1454 103 3 BUY
1455 110 75 BUY
1456 96 84 SELL
1457 96 40 SELL
1458 102 63 SELL
1459 91 14 BUY
1460 90 38 BUY
1461 91 53 SELL
1462 107 61 BUY
1463 104 51 BUY
1464 91 34 BUY
1465 106 4 BUY
1466 90 5 BUY
1467 99 79 SELL
1468 105 72 SELL
1469 97 69 SELL
1470 106 85 BUY
1471 95 20 BUY
1472 107 89 BUY
1473 95 8 SELL
1474 100 95 BUY
1475 100 38 SELL
1476 102 61 SELL
1477 107 59 BUY
1478 93 14 SELL
1479 93 47 BUY
1480 100 47 BUY
1481 96 54 SELL
1482 110 45 BUY
1483 104 68 SELL
1484 94 10 SELL
1485 93 20 BUY
1486 95 24 BUY
1487 110 7 BUY
1488 99 59 BUY
1489 93 42 BUY
1490 94 19 BUY
1491 100 29 BUY
1492 109 74 BUY
1493 96 66 BUY
1494 98 54 SELL
1495 109 25 BUY
1496 107 34 SELL
1497 109 32 SELL
1498 101 50 SELL
1499 99 11 SELL
1500 108 37 SELL
1501 106 59 SELL
1502 95 48 SELL
1503 90 94 BUY
1504 95 55 SELL
1505 97 25 BUY
1506 108 46 SELL
1507 95 26 BUY
1508 97 22 SELL
1509 94 52 SELL
1510 109 10 SELL
1511 109 95 SELL
1512 100 12 SELL
1513 101 54 BUY
1514 109 43 BUY
1515 102 90 BUY
1516 103 8 BUY
1517 97 78 SELL
1518 104 54 BUY
1519 110 93 SELL
1520 99 41 BUY
1521 94 16 SELL
1522 101 46 BUY
1523 101 6 SELL
1524 96 11 BUY
1525 94 16 SELL
1526 90 1 BUY
1527 104 95 BUY
1528 110 33 SELL
1529 96 12 SELL
1530 90 95 SELL
1531 91 21 BUY
1532 93 96 SELL
1533 101 21 BUY
1534 91 87 SELL
1535 91 50 BUY
1536 104 85 SELL
1537 107 38 SELL
1538 106 86 BUY
1539 103 50 SELL
1540 102 81 SELL
1541 99 92 SELL
1542 92 27 SELL
1543 110 48 SELL
1544 101 12 SELL
1545 106 11 BUY
1546 110 32 BUY
1547 108 88 SELL
1548 107 56 BUY
1549 95 89 SELL
1550 94 79 SELL
1551 92 70 SELL
1552 110 29 SELL
1553 98 98 BUY
1554 109 85 SELL
1555 104 1 SELL
1556 107 61 SELL
1557 99 19 BUY
1558 90 20 BUY
1559 102 97 BUY
1560 93 61 SELL
1561 107 7 BUY
1562 104 11 SELL
1563 103 15 BUY
1564 98 93 BUY
1565 107 82 BUY
1566 93 31 BUY
1567 105 77 BUY
1568 101 5 SELL
1569 92 3 SELL
1570 95 20 BUY
1571 94 37 BUY
1572 102 45 BUY
1573 99 74 SELL
1574 101 23 SELL
1575 102 52 BUY
1576 93 22 BUY
1577 95 65 SELL
1578 106 72 SELL
1579 97 100 SELL
1580 94 88 BUY
1581 99 15 SELL
1582 95 2 SELL
1583 97 31 SELL
1584 96 97 SELL
1585 90 38 BUY
1586 110 4 SELL
1587 94 9 SELL
1588 109 23 SELL
1589 93 16 BUY
1590 100 84 SELL
1591 91 89 SELL
1592 99 40 BUY
1593 102 95 BUY
1594 106 22 SELL
1595 98 63 BUY
1596 99 1 SELL
1597 108 69 BUY
1598 98 44 BUY
1599 98 30 SELL
1600 92 81 BUY
1601 104 16 BUY
1602 94 73 SELL
1603 97 47 BUY
1604 101 64 SELL
1605 93 46 SELL
1606 109 97 SELL
1607 110 90 SELL
1608 98 36 BUY
1609 110 11 SELL
1610 90 66 SELL
1611 104 84 SELL
1612 95 35 SELL
1613 91 16 SELL
1614 96 10 BUY
1615 98 65 SELL
1616 95 70 BUY
1617 109 25 SELL
1618 96 45 BUY
1619 98 2 BUY
1620 95 61 SELL
1621 97 59 BUY
1622 104 32 BUY
1623 105 22 SELL
1624 110 24 SELL
1625 110 7 SELL
1626 94 85 SELL
1627 93 11 SELL
1628 102 1 SELL
1629 106 1 BUY
1630 92 36 SELL
1631 104 43 SELL
1632 93 33 BUY
1633 101 30 SELL
1634 96 32 BUY
1635 107 50 BUY
1636 93 82 SELL
1637 99 23 SELL
1638 99 16 SELL
1639 102 94 SELL
1640 106 69 SELL
1641 90 56 SELL
1642 110 92 BUY
1643 105 57 SELL
1644 97 72 SELL
1645 92 46 BUY
1646 96 96 SELL
1647 94 90 BUY
1648 103 6 SELL
1649 108 87 BUY
1650 94 86 BUY
1651 108 65 BUY
1652 94 81 SELL
1653 107 65 SELL
1654 97 43 SELL
1655 106 38 BUY
1656 110 3 SELL
1657 93 27 SELL
1658 100 68 BUY
1659 99 27 BUY
1660 107 8 SELL
1661 104 93 SELL
1662 104 30 SELL
1663 110 47 BUY
1664 92 78 BUY
1665 91 5 SELL
1666 107 27 SELL
1667 97 29 SELL
1668 94 32 SELL
1669 108 5 SELL
1670 107 88 BUY
1671 105 53 SELL
1672 102 5 BUY
1673 97 85 SELL
1674 105 3 BUY
1675 108 30 BUY
1676 90 64 SELL
1677 95 99 SELL
1678 108 77 BUY
1679 98 55 BUY
1680 102 19 SELL
1681 100 6 BUY
1682 93 81 BUY
1683 102 24 BUY
1684 105 50 SELL
1685 104 3 BUY
1686 96 72 SELL
1687 102 58 SELL
1688 102 39 SELL
1689 103 32 SELL
1690 92 14 SELL
1691 109 92 SELL
1692 100 64 SELL
1693 101 6 BUY
1694 92 17 BUY
1695 93 74 BUY
1696 105 85 SELL
1697 102 74 BUY
1698 91 71 SELL
1699 97 9 BUY
1700 96 40 SELL
1701 99 54 BUY
1702 102 52 SELL
1703 98 94 BUY
1704 110 60 BUY
1705 92 10 SELL
1706 102 20 BUY
1707 95 57 SELL
1708 101 68 SELL
1709 91 33 BUY
1710 97 53 SELL
1711 104 46 BUY
1712 101 71 SELL
1713 93 7 BUY
1714 109 77 SELL
1715 103 80 BUY
1716 104 73 SELL
1717 103 75 BUY
1718 108 48 SELL
1719 90 78 SELL
1720 99 48 SELL
1721 100 71 SELL
1722 106 39 SELL
1723 106 18 SELL
1724 90 13 SELL
1725 100 41 BUY
1726 97 27 BUY
1727 96 6 SELL
1728 105 1 BUY
1729 110 85 BUY
1730 109 15 SELL
1731 93 82 BUY
1732 106 39 BUY
1733 102 89 SELL
1734 106 25 SELL
1735 96 58 BUY
1736 97 98 BUY
1737 92 68 SELL
1738 94 23 SELL
1739 108 84 SELL
1740 94 83 SELL
1741 97 23 BUY
1742 92 2 BUY
1743 105 38 BUY
1744 99 93 BUY
1745 92 39 BUY
1746 92 60 SELL
1747 95 28 BUY
1748 91 68 SELL
1749 98 29 BUY
1750 93 36 BUY
1751 104 93 BUY
1752 101 65 SELL
1753 94 44 BUY
1754 101 49 BUY
1755 99 42 SELL
1756 93 63 BUY
1757 92 42 SELL
1758 102 81 SELL
1759 93 83 SELL
1760 106 84 SELL
1761 97 99 SELL
1762 107 61 SELL
1763 93 7 BUY
1764 103 25 SELL
1765 90 92 BUY
1766 103 65 SELL
1767 101 90 BUY
1768 92 37 BUY
1769 98 77 BUY
1770 91 97 BUY
1771 97 80 BUY
1772 102 48 BUY
1773 107 53 BUY
1774 105 32 SELL
1775 103 78 BUY
1776 103 33 SELL
1777 104 57 BUY
1778 90 28 BUY
1779 106 66 BUY
1780 93 47 BUY
1781 96 12 BUY
1782 91 51 SELL
1783 103 30 SELL
1784 98 44 BUY
1785 105 40 BUY
1786 110 61 BUY
1787 96 69 BUY
1788 107 10 SELL
1789 90 59 BUY
1790 109 54 SELL
1791 93 28 BUY
1792 92 30 BUY
1793 103 20 BUY
1794 104 5 SELL
1795 108 61 BUY
1796 93 80 SELL
1797 91 77 SELL
1798 91 43 BUY
1799 97 64 BUY
1800 94 18 BUY
1801 102 52 SELL
1802 90 98 BUY
1803 90 3 SELL
1804 97 23 BUY
1805 106 37 BUY
1806 105 24 SELL
1807 108 71 BUY
1808 106 34 BUY
1809 96 41 SELL
1810 98 61 BUY
1811 110 39 SELL
1812 99 40 BUY
1813 104 17 BUY
1814 96 48 BUY
1815 103 28 SELL
1816 94 100 BUY
1817 90 74 BUY
1818 99 69 SELL
1819 94 94 BUY
1820 95 12 BUY
1821 99 24 BUY
1822 90 9 SELL
1823 110 100 SELL
1824 107 65 BUY
1825 95 55 SELL
1826 92 88 SELL
1827 99 39 BUY
1828 94 35 BUY
1829 100 24 SELL
1830 100 16 SELL
1831 99 80 BUY
1832 107 68 SELL
1833 103 29 BUY
1834 110 64 BUY
1835 93 99 SELL
1836 106 68 BUY
1837 101 96 BUY
1838 94 59 SELL
1839 99 85 BUY
1840 104 19 SELL
1841 91 73 BUY
1842 105 85 BUY
1843 108 47 BUY
1844 95 75 SELL
1845 90 67 SELL
1846 106 98 BUY
1847 107 25 BUY
1848 109 19 BUY
1849 102 50 BUY
1850 90 14 BUY
1851 97 71 BUY
1852 91 96 BUY
1853 94 51 SELL
1854 102 82 SELL
1855 109 5 SELL
1856 103 28 BUY
1857 105 37 BUY
1858 102 70 SELL
1859 99 15 BUY
1860 106 93 SELL
1861 110 21 SELL
1862 97 81 BUY
1863 105 93 BUY
1864 106 85 SELL
1865 97 72 BUY
1866 100 4 SELL
1867 92 97 SELL
1868 100 50 BUY
1869 107 73 BUY
1870 103 46 SELL
1871 98 43 SELL
1872 91 84 SELL
1873 100 58 SELL
1874 98 6 SELL
1875 90 60 BUY
1876 96 32 SELL
1877 93 25 BUY
1878 92 11 SELL
1879 93 11 BUY
1880 108 28 SELL
1881 90 73 BUY
1882 110 70 SELL
1883 108 65 BUY
1884 105 8 BUY
1885 92 33 SELL
1886 109 96 BUY
1887 102 76 SELL
1888 110 9 SELL
1889 101 69 SELL
1890 102 65 BUY
1891 110 46 SELL
1892 100 80 BUY
1893 100 51 BUY
1894 103 99 SELL
1895 102 60 BUY
1896 108 5 SELL
1897 105 41 SELL
1898 98 62 SELL
1899 94 20 SELL
1900 110 40 SELL
1901 100 19 BUY
1902 107 49 SELL
1903 93 68 SELL
1904 108 81 SELL
1905 99 47 BUY
1906 109 75 BUY
1907 98 98 SELL
1908 91 40 BUY
1909 107 15 SELL
1910 92 82 BUY
1911 100 19 BUY
1912 110 99 BUY
1913 100 91 SELL
1914 107 59 BUY
1915 102 14 BUY
1916 93 86 BUY
1917 91 77 BUY
1918 91 11 SELL
1919 92 48 BUY
1920 103 57 SELL
1921 94 54 SELL
1922 107 87 SELL
1923 107 83 SELL
1924 104 45 SELL
1925 110 71 BUY
1926 94 71 SELL
1927 93 49 SELL
1928 106 99 SELL
1929 93 80 SELL
1930 99 17 SELL
1931 105 95 BUY
1932 98 86 BUY
1933 110 90 SELL
1934 104 77 SELL
1935 96 24 SELL
1936 95 33 SELL
1937 101 26 BUY
1938 95 54 BUY
1939 99 7 SELL
1940 110 100 SELL
1941 109 66 BUY
1942 106 75 SELL
1943 96 25 BUY
1944 91 10 BUY
1945 108 36 SELL
1946 91 68 SELL
1947 108 44 SELL
1948 94 88 BUY
1949 95 65 BUY
1950 90 19 SELL
1951 94 58 BUY
1952 110 40 BUY
1953 90 99 BUY
1954 97 20 SELL
1955 99 93 BUY
1956 95 44 SELL
1957 106 90 SELL
1958 95 80 BUY
1959 99 16 BUY
1960 96 25 BUY
1961 97 28 SELL
1962 94 67 SELL
1963 93 28 SELL
1964 93 51 BUY
1965 108 64 SELL
1966 102 91 BUY
1967 100 16 SELL
1968 93 63 BUY
1969 102 91 SELL
1970 98 52 SELL
1971 97 99 SELL
1972 97 99 SELL
1973 92 28 BUY
1974 90 8 BUY
1975 110 2 BUY
1976 108 95 BUY
1977 103 4 SELL
1978 90 24 BUY
1979 94 42 BUY
1980 99 74 SELL
1981 103 38 SELL
1982 90 92 BUY
1983 99 78 SELL
1984 106 48 BUY
1985 101 68 SELL
1986 109 35 BUY
1987 91 92 SELL
1988 107 28 SELL
1989 96 26 BUY
1990 110 53 BUY
1991 92 81 SELL
1992 91 91 BUY
1993 108 100 BUY
1994 105 83 SELL
1995 106 43 BUY
1996 106 47 BUY
1997 97 86 SELL
1998 108 74 BUY
1999 103 74 SELL
2000 109 28 SELL
2001 95 39 SELL
2002 106 54 SELL
2003 105 27 BUY
2004 97 81 SELL
2005 102 76 SELL
2006 96 68 BUY
2007 95 48 SELL
2008 93 23 BUY
2009 105 18 SELL
2010 97 73 BUY
2011 95 14 BUY
2012 95 26 BUY
2013 93 53 BUY
2014 100 24 SELL
2015 90 38 BUY
2016 91 62 SELL
2017 102 30 BUY
2018 102 85 BUY
2019 104 54 SELL
2020 95 66 SELL
2021 93 21 BUY
2022 100 52 BUY
2023 93 48 BUY
2024 94 8 BUY
2025 92 68 SELL
2026 104 69 SELL
2027 106 10 BUY
2028 99 28 SELL
2029 105 44 BUY
2030 93 83 BUY
2031 101 24 BUY
2032 92 57 SELL
2033 102 37 BUY
2034 104 41 BUY
2035 104 98 SELL
2036 91 39 SELL
2037 93 27 BUY
2038 90 61 SELL
2039 107 67 BUY
2040 94 11 BUY
2041 99 21 SELL
2042 104 9 SELL
2043 95 49 SELL
2044 94 97 SELL
2045 90 78 BUY
2046 102 28 BUY
2047 91 61 BUY
2048 90 54 BUY
2049 107 45 SELL
2050 95 90 SELL
2051 101 51 SELL
2052 105 4 SELL
2053 97 97 SELL
2054 98 81 BUY
2055 91 62 SELL
2056 99 9 BUY
2057 94 92 BUY
2058 107 18 SELL
2059 109 68 SELL
2060 91 35 BUY
2061 96 47 BUY
2062 93 85 BUY
2063 103 52 BUY
2064 98 36 BUY
2065 110 78 BUY
2066 108 27 BUY
2067 95 72 SELL
2068 93 87 BUY
2069 102 37 BUY
2070 95 84 BUY
2071 99 95 BUY
2072 98 37 BUY
2073 109 70 SELL
2074 91 43 SELL
2075 90 4 BUY
2076 105 78 BUY
2077 105 96 SELL
2078 91 14 BUY
2079 105 90 BUY
2080 100 67 BUY
2081 99 86 BUY
2082 94 50 BUY
2083 98 58 SELL
2084 95 63 BUY
2085 93 92 SELL
2086 91 11 SELL
2087 99 76 BUY
2088 98 30 BUY
2089 104 43 SELL
2090 94 34 SELL
2091 91 85 BUY
2092 97 47 BUY
2093 96 51 SELL
2094 100 52 SELL
2095 97 35 BUY
2096 103 76 BUY
2097 95 5 SELL
2098 97 42 SELL
2099 92 77 SELL
2100 91 99 SELL
2101 95 86 SELL
2102 92 90 SELL
2103 93 41 SELL
2104 90 14 SELL
2105 106 3 SELL
2106 101 60 BUY
2107 105 17 BUY
2108 95 19 BUY
2109 92 31 BUY
2110 109 94 BUY
2111 94 26 BUY
2112 96 65 SELL
2113 97 7 SELL
2114 107 63 SELL
2115 105 47 SELL
2116 95 1 BUY
2117 99 83 SELL
2118 101 21 SELL
2119 91 44 BUY
2120 102 47 SELL
2121 95 62 SELL
2122 94 79 SELL
2123 102 40 SELL
2124 105 98 BUY
2125 93 53 BUY
2126 92 43 BUY
2127 94 91 BUY
2128 101 1 SELL
2129 101 68 BUY
2130 95 19 BUY
2131 101 52 BUY
2132 104 6 BUY
2133 105 68 SELL
2134 105 80 BUY
2135 103 59 BUY
2136 96 4 BUY
2137 93 29 BUY
2138 110 99 SELL
2139 109 36 BUY
2140 109 72 BUY
2141 95 51 SELL
2142 106 51 BUY
2143 108 88 BUY
2144 110 16 SELL
2145 104 99 BUY
2146 105 33 SELL
2147 95 20 SELL
2148 104 93 SELL
2149 100 21 BUY
2150 104 99 SELL
2151 109 26 SELL
2152 99 63 SELL
2153 97 93 BUY
2154 93 50 BUY
2155 100 35 BUY
2156 101 49 BUY
2157 96 38 SELL
2158 110 39 SELL
2159 110 53 SELL
2160 106 47 BUY
2161 104 43 SELL
2162 90 88 BUY
2163 101 44 BUY
2164 110 74 SELL
2165 108 14 SELL
2166 107 17 BUY
2167 94 92 SELL
2168 91 17 SELL
2169 99 92 SELL
2170 91 51 SELL
2171 108 17 SELL
2172 90 41 BUY
2173 96 25 BUY
2174 98 55 SELL
2175 97 99 BUY
2176 104 3 SELL
2177 93 3 BUY
2178 108 19 BUY
2179 100 95 SELL
2180 98 98 SELL
2181 93 79 BUY
2182 104 63 BUY
2183 96 66 BUY
2184 98 26 BUY
2185 109 98 BUY
2186 100 63 BUY
2187 101 74 SELL
2188 97 68 SELL
2189 109 31 SELL
2190 91 19 BUY
2191 103 26 BUY
2192 91 98 SELL
2193 99 70 BUY
2194 98 91 SELL
2195 104 33 BUY
2196 93 61 BUY
2197 103 41 SELL
2198 94 18 BUY
2199 90 6 BUY
2200 95 48 BUY
2201 93 45 SELL
2202 98 62 BUY
2203 91 91 BUY
2204 97 9 BUY
2205 106 70 BUY
2206 97 71 BUY
2207 90 66 BUY
2208 103 11 BUY
2209 95 23 SELL
2210 110 100 BUY
2211 99 88 BUY
2212 99 17 SELL
2213 109 48 BUY
2214 109 4 BUY
2215 108 57 SELL
2216 102 56 SELL
2217 103 16 SELL
2218 97 62 SELL
2219 92 60 SELL
2220 107 40 BUY
2221 101 73 BUY
2222 106 36 BUY
2223 102 21 SELL
2224 97 2 BUY
2225 99 21 BUY
2226 101 58 BUY
2227 104 73 SELL
2228 100 63 BUY
2229 95 41 SELL
2230 108 17 SELL
2231 103 85 SELL
2232 101 93 BUY
2233 109 3 BUY
2234 103 5 SELL
2235 96 60 SELL
2236 96 88 BUY
2237 93 55 SELL
2238 106 84 SELL
2239 105 79 BUY
2240 97 68 BUY
2241 99 49 BUY
2242 97 62 BUY
2243 102 71 SELL
2244 110 75 SELL
2245 98 30 BUY
2246 101 40 SELL
2247 93 63 BUY
2248 107 16 SELL
2249 104 60 SELL
2250 108 5 BUY
2251 94 43 BUY
2252 92 98 SELL
2253 96 6 SELL
2254 98 39 BUY
2255 101 97 SELL
2256 95 100 BUY
2257 110 58 SELL
2258 97 95 BUY
2259 108 74 SELL
2260 105 34 SELL
2261 107 97 SELL
2262 106 45 SELL
2263 90 72 BUY
2264 99 80 BUY
2265 101 78 BUY
2266 102 24 BUY
2267 108 5 SELL
2268 100 77 BUY
2269 90 25 SELL
2270 97 77 BUY
2271 103 4 BUY
2272 100 1 SELL
2273 92 81 BUY
2274 91 67 BUY
2275 96 81 SELL
2276 92 57 BUY
2277 90 81 BUY
2278 95 20 BUY
2279 98 89 SELL
2280 93 96 SELL
2281 96 1 BUY
2282 92 93 BUY
2283 101 70 SELL
2284 106 93 SELL
2285 97 1 BUY
2286 102 90 BUY
2287 103 58 BUY
2288 102 16 SELL
2289 99 62 SELL
2290 95 65 SELL
2291 105 63 SELL
2292 99 51 SELL
2293 95 26 BUY
2294 94 7 BUY
2295 103 79 SELL
2296 90 17 BUY
2297 109 46 SELL
2298 94 21 SELL
2299 93 18 BUY
2300 107 15 SELL
2301 98 39 SELL
2302 101 93 SELL
2303 101 78 BUY
2304 102 26 BUY
2305 99 56 BUY
2306 103 95 SELL
2307 110 5 BUY
2308 102 60 BUY
2309 102 37 SELL
2310 97 71 SELL
2311 110 58 SELL
2312 107 2 BUY
2313 109 95 SELL
2314 106 54 SELL
2315 92 27 BUY
2316 94 16 BUY
2317 101 8 BUY
2318 109 62 BUY
2319 103 45 BUY
2320 95 19 BUY
2321 108 47 SELL
2322 96 97 BUY
2323 105 65 BUY
2324 102 30 SELL
2325 107 49 SELL
2326 93 52 BUY
2327 103 5 BUY
2328 90 3 SELL
2329 98 16 BUY
2330 90 64 BUY
2331 102 61 BUY
2332 98 46 BUY
2333 108 11 SELL
2334 101 86 BUY
2335 108 95 BUY
2336 97 47 SELL
2337 101 87 SELL
2338 96 67 BUY
2339 94 100 SELL
2340 102 72 BUY
2341 109 7 BUY
2342 110 8 BUY
2343 101 34 BUY
2344 104 73 SELL
2345 90 36 BUY
2346 103 96 BUY
2347 105 72 BUY
2348 107 21 BUY
2349 104 7 SELL
2350 93 23 SELL
2351 92 39 SELL
2352 100 1 BUY
2353 101 6 SELL
2354 110 70 BUY
2355 94 22 SELL
2356 93 10 BUY
2357 108 90 SELL
2358 108 65 SELL
2359 96 38 SELL
2360 98 76 SELL
2361 93 94 SELL
2362 91 100 BUY
2363 103 93 SELL
2364 102 34 SELL
2365 97 4 BUY
2366 110 3 BUY
2367 100 75 SELL
2368 102 8 SELL
2369 100 67 BUY
2370 94 3 SELL
2371 98 89 BUY
2372 108 29 SELL
2373 101 36 SELL
2374 107 39 BUY
2375 99 65 BUY
2376 94 51 BUY
2377 106 42 BUY
2378 105 59 SELL
2379 108 26 SELL
2380 108 48 BUY
2381 104 51 BUY
2382 98 22 BUY
2383 98 13 BUY
2384 98 82 BUY
2385 91 49 BUY
2386 106 85 BUY
2387 102 3 BUY
2388 96 40 BUY
2389 103 12 SELL
2390 91 8 BUY
2391 107 3 SELL
2392 109 90 BUY
2393 98 69 SELL
2394 90 35 BUY
2395 91 69 BUY
2396 92 28 SELL
2397 106 64 SELL
2398 107 49 SELL
2399 103 94 BUY
2400 101 64 BUY
2401 107 14 BUY
2402 109 80 BUY
2403 100 46 BUY
2404 92 45 BUY
2405 102 65 BUY
2406 96 76 SELL
2407 100 28 SELL
2408 105 13 SELL
2409 110 91 BUY
2410 108 87 SELL
2411 95 51 BUY
2412 104 34 SELL
2413 100 57 SELL
2414 91 86 SELL
2415 102 52 SELL
2416 93 5 SELL
2417 100 33 BUY
2418 97 87 BUY
2419 105 5 SELL
2420 100 4 SELL
2421 100 87 SELL
2422 101 9 BUY
2423 101 10 BUY
2424 107 8 SELL
2425 97 87 SELL
2426 91 17 SELL
2427 90 29 BUY
2428 91 85 BUY
2429 110 35 BUY
2430 92 24 BUY
2431 91 66 BUY
2432 103 22 BUY
2433 103 28 BUY
2434 101 77 SELL
2435 97 13 SELL
2436 102 1 BUY
2437 97 71 BUY
2438 97 48 BUY
2439 92 47 SELL
2440 103 7 BUY
2441 105 70 SELL
2442 101 34 BUY
2443 109 36 BUY
2444 92 84 BUY
2445 94 12 SELL
2446 102 75 SELL
2447 101 78 SELL
2448 99 4 BUY
2449 104 89 BUY
2450 105 92 BUY
2451 94 13 SELL
2452 98 42 BUY
2453 109 40 SELL
2454 93 16 SELL
2455 90 77 BUY
2456 100 10 SELL
2457 104 82 BUY
2458 104 27 SELL
2459 97 76 SELL
2460 105 16 BUY
2461 107 74 BUY
2462 102 63 BUY
2463 103 8 SELL
2464 102 86 SELL
2465 108 24 SELL
2466 107 83 BUY
2467 91 67 BUY
2468 104 46 BUY
2469 94 68 SELL
2470 103 79 BUY
2471 100 88 SELL
2472 102 60 SELL
2473 94 85 BUY
2474 97 46 SELL
2475 91 25 BUY
2476 97 39 BUY
2477 105 62 BUY
2478 107 71 BUY
2479 93 22 SELL
2480 92 50 SELL
2481 100 98 BUY
2482 96 31 BUY
2483 90 90 BUY
2484 100 67 SELL
2485 107 28 BUY
2486 109 51 BUY
2487 95 97 BUY
2488 102 46 BUY
2489 95 26 SELL
2490 106 14 BUY
2491 108 75 BUY
2492 95 80 BUY
2493 100 97 BUY
2494 94 28 BUY
2495 109 62 SELL
2496 96 71 BUY
2497 95 41 BUY
2498 106 33 SELL
2499 99 1 BUY
2500 99 8 BUY
2501 98 37 BUY
2502 106 75 SELL
2503 93 32 SELL
2504 102 94 BUY
2505 101 6 BUY
2506 110 43 BUY
2507 91 45 BUY
2508 101 25 BUY
2509 95 58 BUY
2510 96 12 BUY
2511 102 40 BUY
2512 106 89 BUY
2513 90 92 BUY
2514 95 39 SELL
2515 110 44 BUY
2516 107 86 SELL
2517 107 21 SELL
2518 92 39 BUY
2519 95 39 SELL
2520 98 98 BUY
2521 97 28 SELL
2522 110 5 SELL
2523 102 11 BUY
2524 99 90 BUY
2525 109 70 SELL
2526 105 16 SELL
2527 96 51 SELL
2528 104 62 SELL
2529 104 33 BUY
2530 105 69 SELL
2531 93 73 BUY
2532 96 34 BUY
2533 110 77 BUY
2534 94 34 BUY
2535 100 2 SELL
2536 97 87 SELL
2537 104 83 SELL
2538 104 35 BUY
2539 102 18 BUY
2540 108 39 SELL
2541 105 63 SELL
2542 106 79 BUY
2543 101 79 BUY
2544 94 1 SELL
2545 108 87 SELL
2546 98 81 SELL
2547 105 68 BUY
2548 100 20 BUY
2549 110 76 SELL
2550 93 25 SELL
2551 100 66 BUY
2552 96 77 BUY
2553 103 14 BUY
2554 106 36 BUY
2555 97 36 SELL
2556 90 32 SELL
2557 100 42 SELL
2558 92 66 BUY
2559 95 63 SELL
2560 107 23 BUY
2561 96 10 SELL
2562 107 49 SELL
2563 106 24 BUY
2564 108 59 BUY
2565 100 40 SELL
2566 106 20 BUY
2567 95 38 BUY
2568 99 27 SELL
2569 109 23 SELL
2570 98 94 BUY
2571 101 26 SELL
2572 95 39 SELL
2573 94 58 BUY
2574 106 13 SELL
2575 92 5 BUY
2576 93 72 BUY
2577 94 47 SELL
2578 109 44 SELL
2579 107 40 SELL
2580 106 54 BUY
2581 110 65 BUY
2582 106 92 BUY
2583 101 5 SELL
2584 108 75 SELL
2585 98 85 BUY
2586 101 23 SELL
2587 95 67 SELL
2588 90 63 SELL
2589 108 72 BUY
2590 92 12 SELL
2591 101 3 BUY
2592 94 9 SELL
2593 91 74 SELL
2594 106 26 BUY
2595 90 71 BUY
2596 98 1 BUY
2597 100 38 BUY
2598 100 69 BUY
2599 107 23 SELL
2600 98 74 SELL
2601 99 64 SELL
2602 104 70 SELL
2603 93 82 BUY
2604 92 9 BUY
2605 93 64 BUY
2606 100 46 BUY
2607 95 84 BUY
2608 97 72 BUY
2609 110 52 BUY
2610 101 69 SELL
2611 92 24 SELL
2612 97 84 BUY
2613 92 42 BUY
2614 110 1 BUY
2615 103 40 SELL
2616 98 95 SELL
2617 108 85 BUY
2618 97 32 SELL
2619 102 97 SELL
2620 101 51 SELL
2621 96 59 BUY
2622 97 73 BUY
2623 106 51 SELL
2624 102 69 SELL
2625 99 1 BUY
2626 99 17 BUY
2627 107 74 SELL
2628 91 53 BUY
2629 103 30 BUY
2630 94 75 BUY
2631 93 14 BUY
2632 109 9 SELL
2633 92 35 SELL
2634 107 73 SELL
2635 93 32 SELL
2636 91 78 SELL
2637 94 5 SELL
2638 102 48 SELL
2639 105 31 SELL
2640 96 5 SELL
2641 93 39 BUY
2642 110 55 SELL
2643 95 41 SELL
2644 92 34 BUY
2645 98 38 SELL
2646 101 92 BUY
2647 110 42 BUY
2648 100 26 SELL
2649 97 73 BUY
2650 93 33 BUY
2651 99 7 BUY
2652 97 53 BUY
2653 98 97 BUY
2654 91 87 SELL
2655 91 45 BUY
2656 102 69 SELL
2657 95 29 SELL
2658 104 46 BUY
2659 109 29 BUY
2660 101 2 BUY
2661 105 93 BUY
2662 100 19 SELL
2663 105 35 SELL
2664 99 29 SELL
2665 99 73 SELL
2666 106 54 BUY
2667 100 93 BUY
2668 103 50 BUY
2669 107 73 BUY
2670 104 43 SELL
2671 102 14 BUY
2672 100 28 BUY
2673 97 38 BUY
2674 100 84 SELL
2675 110 52 SELL
2676 90 27 SELL
2677 95 55 SELL
2678 101 26 SELL
2679 94 17 SELL
2680 101 100 SELL
2681 106 8 SELL
2682 98 99 BUY
2683 101 72 SELL
2684 101 29 BUY
2685 102 55 BUY
2686 99 94 BUY
2687 109 68 BUY
2688 110 4 SELL
2689 96 52 SELL
2690 104 40 BUY
2691 103 17 BUY
2692 107 81 BUY
2693 103 48 SELL
2694 104 54 SELL
2695 99 79 SELL
2696 94 96 SELL
2697 104 9 BUY
2698 99 12 SELL
2699 109 6 BUY
2700 90 67 SELL
2701 98 34 SELL
2702 102 75 SELL
2703 91 19 SELL
2704 92 53 BUY
2705 93 10 SELL
2706 91 93 BUY
2707 108 80 BUY
2708 108 25 BUY
2709 100 53 SELL
2710 107 28 BUY
2711 98 2 SELL
2712 108 85 SELL
2713 105 73 SELL
2714 95 40 BUY
2715 91 66 SELL
2716 102 6 BUY
2717 97 1 SELL
2718 94 70 BUY
2719 110 68 BUY
2720 109 50 BUY
2721 106 51 SELL
2722 93 92 SELL
2723 103 4 SELL
2724 108 83 BUY
2725 101 34 BUY
2726 110 89 SELL
2727 96 93 BUY
2728 96 52 SELL
2729 95 33 SELL
2730 110 90 BUY
2731 102 40 SELL
2732 95 70 BUY
2733 103 53 SELL
2734 108 11 SELL
2735 106 46 BUY
2736 104 18 BUY
2737 99 20 SELL
2738 110 35 BUY
2739 90 89 SELL
2740 92 33 BUY
2741 91 47 SELL
2742 92 32 BUY
2743 95 76 BUY
2744 90 48 SELL
2745 107 95 BUY
2746 99 77 SELL
2747 105 5 BUY
2748 106 31 BUY
2749 106 73 BUY
2750 107 53 BUY
2751 101 18 BUY
2752 109 22 SELL
2753 108 8 SELL
2754 94 27 BUY
2755 101 13 BUY
2756 99 100 SELL
2757 104 79 SELL
2758 105 43 BUY
2759 100 43 BUY
2760 100 65 BUY
2761 98 96 BUY
2762 108 81 SELL
2763 108 37 SELL
2764 96 19 SELL
2765 107 86 BUY
2766 91 87 SELL
2767 108 87 SELL
2768 104 57 SELL
2769 94 31 SELL
2770 102 50 SELL
2771 105 94 SELL
2772 107 12 SELL
2773 108 87 SELL
2774 110 92 SELL
2775 94 29 BUY
2776 97 40 BUY
2777 103 55 BUY
2778 108 29 BUY
2779 105 41 SELL
2780 109 67 BUY
2781 92 7 SELL
2782 90 32 BUY
2783 97 66 SELL
2784 90 65 BUY
2785 92 7 BUY
2786 91 58 SELL
2787 96 67 SELL
2788 100 62 SELL
2789 95 87 SELL
2790 90 86 SELL
2791 95 23 BUY
2792 97 44 SELL
2793 110 35 BUY
2794 91 80 BUY
2795 107 96 BUY
2796 91 24 SELL
2797 106 99 BUY
2798 108 11 SELL
2799 109 15 SELL
2800 90 42 SELL
2801 107 45 SELL
2802 90 66 BUY
2803 95 72 SELL
2804 102 44 BUY
2805 106 79 SELL
2806 90 3 BUY
2807 105 61 SELL
2808 96 3 SELL
2809 105 12 SELL
2810 103 76 BUY
2811 106 66 BUY
2812 99 36 BUY
2813 98 69 SELL
2814 90 30 BUY
2815 95 87 BUY
2816 92 95 SELL
2817 101 14 SELL
2818 110 59 SELL
2819 104 43 BUY
2820 109 4 BUY
2821 100 77 SELL
2822 108 34 SELL
2823 93 20 SELL
2824 95 73 SELL
2825 94 68 SELL
2826 90 56 SELL
2827 102 9 BUY
2828 104 76 BUY
2829 93 73 BUY
2830 107 60 BUY
2831 104 32 BUY
2832 101 32 SELL
2833 95 30 SELL
2834 110 97 SELL
2835 98 76 SELL
2836 94 98 BUY
2837 95 69 BUY
2838 97 98 BUY
2839 102 86 BUY
2840 106 48 SELL
2841 100 61 BUY
2842 99 89 SELL
2843 91 16 BUY
2844 106 66 BUY
2845 98 66 BUY
2846 94 53 SELL
2847 92 25 BUY
2848 107 44 SELL
2849 95 20 BUY
2850 109 94 SELL
2851 105 74 SELL
2852 95 84 SELL
2853 93 9 BUY
2854 102 22 BUY
2855 104 42 SELL
2856 101 41 SELL
2857 97 74 SELL
2858 101 98 SELL
2859 105 92 BUY
2860 110 76 SELL
2861 110 62 BUY
2862 102 80 SELL
2863 110 65 SELL
2864 101 95 BUY
2865 90 70 SELL
2866 109 64 SELL
2867 99 28 SELL
2868 103 82 BUY
2869 108 19 BUY
2870 103 80 SELL
2871 102 61 BUY
2872 94 21 SELL
2873 109 52 BUY
2874 103 66 BUY
2875 95 84 SELL
2876 110 67 SELL
2877 110 71 BUY
2878 95 69 BUY
2879 105 7 BUY
2880 100 2 BUY
2881 97 1 BUY
2882 94 75 BUY
2883 92 9 SELL
2884 96 13 SELL
2885 97 60 BUY
2886 104 42 SELL
2887 109 99 SELL
2888 100 6 SELL
2889 106 11 BUY
2890 98 58 SELL
2891 95 70 SELL
2892 100 13 SELL
2893 98 14 BUY
2894 91 88 BUY
2895 110 31 SELL
2896 109 16 BUY
2897 110 53 SELL
2898 97 23 BUY
2899 105 59 BUY
2900 110 28 SELL
2901 102 12 BUY
2902 92 73 SELL
2903 106 29 BUY
2904 98 37 SELL
2905 102 58 BUY
2906 99 32 SELL
2907 90 72 SELL
2908 92 50 BUY
2909 109 86 BUY
2910 95 37 SELL
2911 100 6 SELL
2912 108 92 SELL
2913 101 21 SELL
2914 106 7 BUY
2915 105 9 SELL
2916 106 90 BUY
2917 101 92 BUY
2918 107 65 SELL
2919 95 62 BUY
2920 100 45 SELL
2921 106 23 BUY
2922 101 66 SELL
2923 110 85 SELL
2924 104 47 SELL
2925 102 86 SELL
2926 101 85 SELL
2927 99 11 BUY
2928 94 16 SELL
2929 91 72 BUY
2930 107 40 SELL
2931 98 95 SELL
2932 96 54 BUY
2933 101 87 SELL
2934 108 28 SELL
2935 106 9 BUY
2936 103 44 BUY
2937 91 11 BUY
2938 110 86 SELL
2939 98 66 BUY
2940 93 93 SELL
2941 103 99 BUY
2942 92 93 SELL
2943 98 66 SELL
2944 90 39 SELL
2945 105 21 SELL
2946 93 20 BUY
2947 93 75 BUY
2948 110 32 SELL
2949 101 4 SELL
2950 110 52 SELL
2951 107 74 BUY
2952 105 43 BUY
2953 93 24 BUY
2954 93 7 BUY
2955 95 32 BUY
2956 92 42 SELL
2957 92 15 SELL
2958 104 71 BUY
2959 109 20 SELL
2960 106 89 SELL
2961 95 66 BUY
2962 100 45 BUY
2963 106 35 SELL
2964 100 19 SELL
2965 100 27 SELL
2966 101 21 BUY
2967 92 40 BUY
2968 96 97 BUY
2969 108 29 SELL
2970 96 55 BUY
2971 105 62 SELL
2972 104 5 BUY
2973 97 24 BUY
2974 91 86 BUY
2975 106 31 SELL
2976 96 33 SELL
2977 102 58 BUY
2978 107 84 BUY
2979 109 43 SELL
2980 98 38 SELL
2981 93 71 BUY
2982 107 65 BUY
2983 95 12 SELL
2984 100 89 BUY
2985 99 2 SELL
2986 103 33 SELL
2987 91 25 BUY
2988 104 91 SELL
2989 97 53 BUY
2990 103 83 SELL
2991 99 21 SELL
2992 90 81 SELL
2993 103 10 SELL
2994 110 92 SELL
2995 104 97 BUY
2996 92 2 SELL
2997 107 81 SELL
2998 107 21 SELL
2999 96 21 SELL
3000 95 10 BUY
3001 108 94 BUY
3002 109 86 BUY
3003 90 90 BUY
3004 98 29 SELL
3005 98 41 SELL
3006 99 8 SELL
3007 90 14 SELL
3008 102 16 SELL
3009 110 98 SELL
3010 90 53 BUY
3011 91 72 SELL
3012 95 24 BUY
3013 96 25 SELL
3014 100 88 BUY
3015 94 52 BUY
3016 108 18 BUY
3017 91 24 SELL
3018 107 88 SELL
3019 109 54 BUY
3020 98 77 BUY
3021 110 88 SELL
3022 110 11 BUY
3023 98 27 SELL
3024 106 49 BUY
3025 93 17 SELL
3026 92 26 BUY
3027 104 82 SELL
3028 104 65 SELL
3029 106 48 BUY
3030 97 51 BUY
3031 104 34 SELL
3032 102 90 SELL
3033 110 9 BUY
3034 104 32 BUY
3035 95 82 BUY
3036 108 5 SELL
3037 110 12 BUY
3038 105 13 SELL
3039 98 78 BUY
3040 93 2 BUY
3041 109 88 SELL
3042 103 7 SELL
3043 99 87 SELL
3044 104 100 BUY
3045 107 37 BUY
3046 109 97 BUY
3047 107 2 BUY
3048 102 74 BUY
3049 109 1 SELL
3050 109 40 BUY
3051 103 63 SELL
3052 92 13 BUY
3053 93 48 BUY
3054 93 100 BUY
3055 110 68 BUY
3056 104 64 SELL
3057 96 70 BUY
3058 101 15 SELL
3059 110 14 SELL
3060 96 68 BUY
3061 90 75 BUY
3062 104 71 BUY
3063 109 46 SELL
3064 100 8 BUY
3065 94 41 SELL
3066 96 78 SELL
3067 96 72 BUY
3068 98 37 BUY
3069 90 87 BUY
3070 105 98 SELL
3071 102 23 SELL
3072 98 98 SELL
3073 106 33 BUY
3074 91 63 BUY
3075 90 90 BUY
3076 99 96 BUY
3077 91 85 SELL
3078 106 6 SELL
3079 90 84 SELL
3080 106 71 BUY
3081 108 58 SELL
3082 106 55 BUY
3083 102 78 SELL
3084 97 23 SELL
3085 92 92 BUY
3086 92 52 BUY
3087 104 20 BUY
3088 95 12 BUY
3089 93 46 SELL
3090 101 33 BUY
3091 96 91 SELL
3092 105 98 BUY
3093 96 73 SELL
3094 106 65 SELL
3095 104 80 BUY
3096 94 12 BUY
3097 102 38 SELL
3098 92 77 BUY
3099 109 22 SELL
3100 94 54 SELL
3101 101 22 SELL
3102 100 50 SELL
3103 94 38 SELL
3104 101 19 SELL
3105 101 7 SELL
3106 92 91 BUY
3107 104 68 BUY
3108 96 25 BUY
3109 103 16 SELL
3110 103 76 BUY
3111 92 25 BUY
3112 90 23 SELL
3113 108 77 BUY
3114 95 12 BUY
3115 100 7 BUY
3116 103 1 BUY
3117 104 100 SELL
3118 97 21 SELL
3119 106 29 BUY
3120 91 71 BUY
3121 105 27 BUY
3122 90 90 BUY
3123 102 58 BUY
3124 103 55 SELL
3125 109 46 BUY
3126 90 66 BUY
3127 90 27 SELL
3128 100 13 SELL
3129 97 6 BUY
3130 102 79 BUY
3131 97 80 BUY
3132 92 35 SELL
3133 97 41 BUY
3134 91 39 SELL
3135 106 99 BUY
3136 91 23 BUY
3137 109 53 BUY
3138 91 61 BUY
3139 105 71 BUY
3140 97 97 BUY
3141 103 67 SELL
3142 103 57 SELL
3143 97 41 SELL
3144 97 95 SELL
3145 91 30 SELL
3146 104 58 SELL
3147 108 25 SELL
3148 95 84 BUY
3149 110 7 BUY
3150 90 73 BUY
3151 97 2 BUY
3152 104 72 BUY
3153 109 23 BUY
3154 101 60 BUY
3155 93 39 SELL
3156 102 60 BUY
3157 90 85 SELL
3158 96 44 BUY
3159 106 49 BUY
3160 107 59 SELL
3161 90 50 BUY
3162 104 55 SELL
3163 107 54 SELL
3164 104 89 SELL
3165 98 52 SELL
3166 101 91 BUY
3167 93 78 BUY
3168 94 15 SELL
3169 103 18 SELL
3170 95 53 SELL
3171 93 68 SELL
3172 93 81 SELL
3173 104 48 BUY
3174 93 9 BUY
3175 107 10 BUY
3176 105 81 BUY
3177 103 78 SELL
3178 92 30 BUY
3179 102 68 SELL
3180 106 3 BUY
3181 107 55 SELL
3182 91 78 BUY
3183 93 42 SELL
3184 110 21 BUY
3185 108 24 SELL
3186 90 91 SELL
3187 110 83 BUY
3188 106 82 SELL
3189 102 85 SELL
3190 93 39 SELL
3191 93 54 BUY
3192 106 33 SELL
3193 99 28 BUY
3194 108 94 BUY
3195 108 23 SELL
3196 103 13 BUY
3197 101 60 BUY
3198 109 40 SELL
3199 104 72 SELL
3200 103 21 SELL
3201 107 93 SELL
3202 99 6 SELL
3203 102 93 BUY
3204 107 53 BUY
3205 96 48 BUY
3206 109 86 BUY
3207 95 47 SELL
3208 110 61 BUY
3209 93 61 SELL
3210 96 9 BUY
3211 93 13 BUY
3212 103 79 SELL
3213 104 80 SELL
3214 100 13 SELL
3215 91 95 BUY
3216 92 100 SELL
3217 105 23 BUY
3218 108 42 BUY
3219 94 42 BUY
3220 98 8 SELL
3221 99 26 SELL
3222 101 100 BUY
3223 99 68 SELL
3224 98 4 BUY
3225 97 54 BUY
3226 95 44 SELL
3227 101 34 SELL
3228 107 36 BUY
3229 109 89 SELL
3230 99 15 SELL
3231 90 87 BUY
3232 99 93 SELL
3233 94 42 BUY
3234 102 26 SELL
3235 103 1 BUY
3236 101 15 SELL
3237 90 5 SELL
3238 98 12 BUY
3239 103 54 BUY
3240 105 39 BUY
3241 107 26 BUY
3242 96 29 BUY
3243 100 78 SELL
3244 95 53 BUY
3245 110 65 SELL
3246 104 62 SELL
3247 96 41 SELL
3248 103 78 SELL
3249 99 64 BUY
3250 106 42 BUY
3251 92 19 BUY
3252 106 72 BUY
3253 98 1 BUY
3254 92 24 BUY
3255 100 96 BUY
3256 105 71 SELL
3257 91 92 BUY
3258 92 95 SELL
3259 101 65 BUY
3260 93 90 BUY
3261 100 39 BUY
3262 96 94 BUY
3263 92 52 BUY
3264 93 2 SELL
3265 107 20 BUY
3266 106 11 SELL
3267 102 37 BUY
3268 93 55 BUY
3269 108 80 SELL
3270 96 66 BUY
3271 92 98 BUY
3272 92 58 SELL
3273 99 70 SELL
3274 104 65 BUY
3275 110 93 SELL
3276 94 20 SELL
3277 90 7 SELL
3278 103 97 BUY
3279 104 69 SELL
3280 99 85 BUY
3281 106 91 SELL
3282 102 1 BUY
3283 104 92 BUY
3284 100 14 BUY
3285 110 92 BUY
3286 102 20 BUY
3287 91 21 BUY
3288 99 90 BUY
3289 106 17 BUY
3290 102 72 BUY
3291 106 94 BUY
3292 109 23 SELL
3293 96 51 BUY
3294 107 82 SELL
3295 105 65 BUY
3296 106 75 SELL
3297 104 18 SELL
3298 110 82 BUY
3299 104 75 SELL
3300 104 27 BUY
3301 95 3 SELL
3302 100 1 SELL
3303 99 30 SELL
3304 98 58 BUY
3305 92 3 BUY
3306 99 56 BUY
3307 102 89 SELL
3308 101 8 SELL
3309 105 61 SELL
3310 92 17 SELL
3311 107 12 SELL
3312 104 35 BUY
3313 94 39 SELL
3314 93 67 BUY
3315 103 32 BUY
3316 110 26 SELL
3317 95 72 SELL
3318 109 89 BUY
3319 95 66 SELL
3320 110 73 SELL
3321 101 31 BUY
3322 105 35 BUY
3323 100 59 BUY
3324 90 4 BUY
3325 91 51 BUY
3326 98 17 SELL
3327 106 76 BUY
3328 104 44 BUY
3329 93 55 BUY
3330 103 83 BUY
3331 108 6 BUY
3332 92 74 SELL
3333 107 93 SELL
3334 97 38 BUY
3335 108 68 BUY
3336 104 37 SELL
3337 90 3 BUY
3338 96 54 SELL
3339 93 46 SELL
3340 95 95 SELL
3341 101 66 BUY
3342 109 69 SELL
3343 109 42 SELL
3344 107 24 SELL
3345 102 81 BUY
3346 108 95 BUY
3347 104 41 BUY
3348 90 46 BUY
3349 110 93 SELL
3350 104 52 BUY
3351 109 43 SELL
3352 96 96 SELL
3353 95 51 BUY
3354 99 12 BUY
3355 105 36 BUY
3356 93 72 BUY
3357 92 89 SELL
3358 93 62 BUY
3359 91 86 BUY
3360 110 67 SELL
3361 95 35 SELL
3362 105 47 BUY
3363 104 76 BUY
3364 103 19 BUY
3365 110 9 SELL
3366 101 18 BUY
3367 108 29 BUY
3368 90 100 SELL
3369 92 82 BUY
3370 98 23 BUY
3371 90 18 BUY
3372 100 32 BUY
3373 103 85 SELL
3374 97 66 BUY
3375 98 4 BUY
3376 96 25 SELL
3377 109 25 SELL
3378 103 48 SELL
3379 105 87 BUY
3380 108 86 BUY
3381 109 96 SELL
3382 102 11 BUY
3383 95 75 BUY
3384 110 93 SELL
3385 94 73 BUY
3386 102 2 SELL
3387 94 3 SELL
3388 95 64 SELL
3389 101 98 SELL
3390 97 90 SELL
3391 101 6 BUY
3392 91 32 SELL
3393 107 14 SELL
3394 96 27 SELL
3395 94 91 SELL
3396 98 13 BUY
3397 95 14 BUY
3398 107 71 SELL
3399 108 35 BUY
3400 104 39 SELL
3401 96 57 BUY
3402 109 6 SELL
3403 110 69 BUY
3404 108 34 BUY
3405 91 15 BUY
3406 90 66 BUY
3407 105 12 BUY
3408 96 77 BUY
3409 93 62 SELL
3410 109 52 SELL
3411 101 85 BUY
3412 107 4 SELL
3413 99 25 BUY
3414 97 20 SELL
3415 103 35 SELL
3416 97 40 BUY
3417 91 38 SELL
3418 109 81 BUY
3419 110 34 SELL
3420 110 92 BUY
3421 110 98 BUY
3422 103 7 SELL
3423 107 4 SELL
3424 100 100 SELL
3425 105 27 SELL
3426 104 71 BUY
3427 105 47 SELL
3428 109 21 BUY
3429 95 11 SELL
3430 100 5 BUY
3431 96 40 SELL
3432 106 73 BUY
3433 110 61 SELL
3434 102 26 BUY
3435 104 100 SELL
3436 94 45 SELL
3437 92 31 SELL
3438 93 17 SELL
3439 101 30 SELL
3440 98 85 SELL
3441 104 83 BUY
3442 106 10 BUY
3443 104 68 SELL
3444 103 81 BUY
3445 90 74 SELL
3446 98 79 SELL
3447 93 37 BUY
3448 95 89 BUY
3449 102 14 SELL
3450 92 47 SELL
3451 106 26 BUY
3452 97 4 SELL
3453 103 85 BUY
3454 96 26 BUY
3455 106 76 SELL
3456 106 13 BUY
3457 110 59 BUY
3458 90 8 BUY
3459 105 32 BUY
3460 100 94 BUY
3461 105 93 SELL
3462 103 72 BUY
3463 108 56 BUY
3464 100 5 BUY
3465 107 44 SELL
3466 102 24 BUY
3467 108 42 BUY
3468 108 23 BUY
3469 98 41 SELL
3470 95 20 BUY
3471 101 48 BUY
3472 109 9 BUY
3473 94 10 SELL
3474 109 72 BUY
3475 104 74 SELL
3476 102 93 SELL
3477 108 57 BUY
3478 104 5 BUY
3479 94 25 BUY
3480 90 84 SELL
3481 95 26 SELL
3482 102 78 SELL
3483 94 46 BUY
3484 109 14 SELL
3485 106 9 BUY
3486 101 9 SELL
3487 90 75 SELL
3488 92 69 SELL
3489 105 100 SELL
3490 104 98 BUY
3491 95 8 BUY
3492 95 23 SELL
3493 92 66 BUY
3494 109 45 SELL
3495 107 63 SELL
3496 105 65 SELL
3497 93 26 SELL
3498 109 87 BUY
3499 108 75 SELL
3500 98 77 BUY
3501 103 64 SELL
3502 91 85 BUY
3503 101 46 SELL
3504 93 58 SELL
3505 107 96 BUY
3506 96 80 BUY
3507 108 55 BUY
3508 100 81 BUY
3509 106 58 BUY
3510 108 14 BUY
3511 102 33 BUY
3512 97 40 BUY
3513 98 64 SELL
3514 94 50 SELL
3515 95 64 BUY
3516 102 65 SELL
3517 101 61 SELL
3518 93 27 SELL
3519 97 83 BUY
3520 90 80 SELL
3521 103 15 BUY
3522 97 48 SELL
3523 100 100 SELL
3524 90 90 BUY
3525 106 62 SELL
3526 101 29 SELL
3527 94 57 BUY
3528 103 71 BUY
3529 107 10 SELL
3530 103 99 BUY
3531 97 14 SELL
3532 99 24 BUY
3533 110 7 SELL
3534 96 10 SELL
3535 102 46 BUY
3536 101 58 BUY
3537 99 77 SELL
3538 93 9 SELL
3539 91 82 BUY
3540 108 5 BUY
3541 99 44 BUY
3542 96 30 SELL
3543 106 52 SELL
3544 92 77 SELL
3545 101 3 BUY
3546 93 44 BUY
3547 103 16 BUY
3548 99 33 SELL
3549 103 20 BUY
3550 100 60 SELL
3551 90 84 BUY
3552 108 60 SELL
3553 95 85 SELL
3554 103 12 SELL
3555 110 30 SELL
3556 90 52 BUY
3557 91 59 BUY
3558 98 6 BUY
3559 100 65 SELL
3560 95 97 BUY
3561 93 47 SELL
3562 98 33 BUY
3563 102 26 SELL
3564 101 36 BUY
3565 99 22 BUY
3566 109 32 SELL
3567 98 24 SELL
3568 97 78 SELL
3569 106 52 SELL
3570 105 30 SELL
3571 91 17 SELL
3572 92 8 SELL
3573 97 84 BUY
3574 94 98 BUY
3575 108 25 SELL
3576 107 19 BUY
3577 94 72 SELL
3578 100 3 BUY
3579 96 44 SELL
3580 93 62 BUY
3581 100 68 BUY
3582 98 98 SELL
3583 99 62 SELL
3584 91 45 BUY
3585 103 62 BUY
3586 93 40 BUY
3587 103 33 BUY
3588 90 47 BUY
3589 102 41 BUY
3590 90 82 SELL
3591 95 62 SELL
3592 101 32 BUY
3593 91 72 SELL
3594 100 10 SELL
3595 93 82 BUY
3596 104 9 SELL
3597 105 26 SELL
3598 105 4 BUY
3599 105 76 BUY
3600 105 90 SELL
3601 95 31 BUY
3602 96 10 BUY
3603 90 90 SELL
3604 105 4 BUY
3605 101 47 SELL
3606 96 97 SELL
3607 109 19 BUY
3608 96 89 SELL
3609 92 61 BUY
3610 101 28 BUY
3611 105 2 BUY
3612 94 51 SELL
3613 92 28 BUY
3614 90 90 SELL
3615 108 37 BUY
3616 94 26 BUY
3617 93 1 BUY
3618 93 42 BUY
3619 94 98 BUY
3620 108 59 SELL
3621 92 56 BUY
3622 95 4 BUY
3623 101 82 SELL
3624 93 13 BUY
3625 97 6 BUY
3626 99 42 BUY
3627 109 81 BUY
3628 100 48 SELL
3629 106 98 SELL
3630 101 7 SELL
3631 97 63 BUY
3632 99 50 BUY
3633 109 75 SELL
3634 108 81 BUY
3635 107 23 SELL
3636 96 98 SELL
3637 103 4 SELL
3638 101 9 SELL
3639 98 3 BUY
3640 95 97 BUY
3641 102 70 SELL
3642 94 20 BUY
3643 95 1 BUY
3644 105 39 SELL
3645 106 27 SELL
3646 110 50 BUY
3647 105 85 SELL
3648 92 37 BUY
3649 90 94 BUY
3650 101 58 BUY
3651 105 35 SELL
3652 99 32 SELL
3653 110 6 SELL
3654 107 85 SELL
3655 92 34 SELL
3656 95 58 SELL
3657 101 52 SELL
3658 107 47 SELL
3659 100 39 BUY
3660 98 29 SELL
3661 110 24 SELL
3662 102 34 SELL
3663 103 12 BUY
3664 110 29 BUY
3665 99 20 SELL
3666 108 5 BUY
3667 100 36 SELL
3668 109 64 SELL
3669 101 51 SELL
3670 109 45 BUY
3671 92 48 SELL
3672 104 28 SELL
3673 106 5 BUY
3674 102 83 BUY
3675 109 48 BUY
3676 99 30 BUY
3677 90 80 SELL
3678 101 81 BUY
3679 107 73 BUY
3680 110 2 SELL
3681 101 21 BUY
3682 91 19 SELL
3683 92 76 SELL
3684 97 53 SELL
3685 105 30 BUY
3686 97 92 SELL
3687 97 100 BUY
3688 93 2 BUY
3689 101 100 SELL
3690 90 79 BUY
3691 108 72 BUY
3692 91 50 BUY
3693 95 52 SELL
3694 110 88 SELL
3695 93 38 BUY
3696 93 23 SELL
3697 108 49 SELL
3698 101 53 BUY
3699 95 97 SELL
3700 98 83 SELL
3701 108 57 BUY
3702 108 64 BUY
3703 106 85 SELL
3704 99 74 BUY
3705 97 67 SELL
3706 100 9 SELL
3707 92 79 BUY
3708 96 12 BUY
3709 100 83 BUY
3710 99 69 BUY
3711 90 71 BUY
3712 107 62 BUY
3713 107 8 BUY
3714 92 39 SELL
3715 109 3 SELL
3716 92 34 BUY
3717 110 71 BUY
3718 103 16 SELL
3719 97 20 SELL
3720 103 86 SELL
3721 97 91 BUY
3722 96 58 SELL
3723 103 38 BUY
3724 100 28 BUY
3725 108 21 SELL
3726 108 53 BUY
3727 101 98 BUY
3728 105 58 BUY
3729 109 31 SELL
3730 99 19 BUY
3731 102 3 BUY
3732 94 87 BUY
3733 93 88 SELL
3734 91 92 BUY
3735 99 22 BUY
3736 100 48 BUY
3737 104 77 BUY
3738 92 89 SELL
3739 90 47 SELL
3740 106 32 SELL
3741 109 64 SELL
3742 95 63 BUY
3743 102 41 SELL
3744 105 9 BUY
3745 105 2 BUY
3746 101 78 SELL
3747 95 67 SELL
3748 102 42 BUY
3749 96 19 BUY
3750 105 69 SELL
3751 96 30 BUY
3752 99 92 BUY
3753 97 11 BUY
3754 105 78 SELL
3755 109 71 BUY
3756 107 62 BUY
3757 93 4 BUY
3758 99 46 SELL
3759 99 97 SELL
3760 110 40 SELL
3761 99 92 SELL
3762 102 55 BUY
3763 97 69 BUY
3764 110 71 SELL
3765 99 2 SELL
3766 92 87 SELL
3767 100 73 BUY
3768 93 37 BUY
3769 94 66 BUY
3770 103 8 SELL
3771 97 48 BUY
3772 90 95 SELL
3773 109 15 SELL
3774 103 99 SELL
3775 108 8 SELL
3776 95 91 SELL
3777 96 31 BUY
3778 97 92 BUY
3779 103 17 SELL
3780 105 78 BUY
3781 93 41 BUY
3782 92 39 BUY
3783 94 15 BUY
3784 104 76 BUY
3785 96 54 SELL
3786 107 67 BUY
3787 108 34 BUY
3788 107 1 SELL
3789 107 22 SELL
3790 97 37 SELL
3791 96 42 SELL
3792 90 28 BUY
3793 93 96 BUY
3794 109 20 SELL
3795 97 21 BUY
3796 106 1 SELL
3797 96 98 BUY
3798 98 38 BUY
3799 91 3 SELL
3800 99 12 SELL
3801 97 24 SELL
3802 109 85 BUY
3803 92 91 SELL
3804 105 56 BUY
3805 104 33 BUY
3806 99 77 BUY
3807 97 32 BUY
3808 104 74 SELL
3809 104 52 SELL
3810 110 30 SELL
3811 94 84 BUY
3812 98 60 BUY
3813 104 96 SELL
3814 95 7 BUY
3815 106 19 BUY
3816 97 33 BUY
3817 108 73 SELL
3818 93 66 SELL
3819 108 70 BUY
3820 109 100 SELL
3821 102 50 SELL
3822 91 9 BUY
3823 100 56 BUY
3824 104 87 BUY
3825 104 24 BUY
3826 101 87 BUY
3827 94 25 BUY
3828 106 39 BUY
3829 102 14 SELL
3830 106 57 BUY
3831 104 78 BUY
3832 102 2 BUY
3833 98 64 BUY
3834 91 3 BUY
3835 98 78 SELL
3836 110 21 SELL
3837 93 60 BUY
3838 93 75 BUY
3839 107 43 BUY
3840 103 16 BUY
3841 104 22 SELL
3842 109 45 BUY
3843 109 96 SELL
3844 92 76 SELL
3845 109 85 BUY
3846 109 47 BUY
3847 100 93 BUY
3848 99 95 BUY
3849 105 24 SELL
3850 95 95 BUY
3851 109 13 SELL
3852 93 75 SELL
3853 110 42 BUY
3854 109 20 SELL
3855 102 45 BUY
3856 101 42 BUY
3857 96 99 BUY
3858 110 92 BUY
3859 98 8 SELL
3860 90 63 BUY
3861 101 67 BUY
3862 103 96 SELL
3863 108 51 BUY
3864 99 100 SELL
3865 104 93 SELL
3866 105 6 SELL
3867 102 63 SELL
3868 94 73 SELL
3869 109 13 BUY
3870 97 74 BUY
3871 91 75 BUY
3872 103 37 SELL
3873 90 56 BUY
3874 92 27 SELL
3875 108 78 SELL
3876 95 93 BUY
3877 95 18 SELL
3878 95 45 SELL
3879 101 21 SELL
3880 91 68 BUY
3881 108 81 BUY
3882 108 28 BUY
3883 92 33 SELL
3884 103 39 SELL
3885 93 15 SELL
3886 96 9 SELL
3887 98 57 SELL
3888 106 15 SELL
3889 97 22 SELL
3890 100 37 BUY
3891 92 23 BUY
3892 107 45 BUY
3893 93 50 BUY
3894 110 42 BUY
3895 102 67 SELL
3896 105 69 SELL
3897 90 6 SELL
3898 106 88 BUY
3899 96 43 SELL
3900 100 31 BUY
3901 100 25 BUY
3902 97 3 BUY
3903 103 49 SELL
3904 96 22 BUY
3905 97 97 BUY
3906 106 54 SELL
3907 103 83 BUY
3908 96 57 BUY
3909 106 17 BUY
3910 102 34 SELL
3911 105 75 SELL
3912 91 73 BUY
3913 99 7 BUY
3914 107 9 BUY
3915 108 18 BUY
3916 105 51 SELL
3917 101 66 BUY
3918 104 70 BUY
3919 108 82 BUY
3920 99 71 SELL
3921 105 79 BUY
3922 105 78 BUY
3923 96 62 SELL
3924 100 31 SELL
3925 94 30 BUY
3926 110 26 SELL
3927 100 39 BUY
3928 103 23 SELL
3929 97 68 BUY
3930 106 70 BUY
3931 98 55 BUY
3932 105 4 BUY
3933 90 14 SELL
3934 109 91 SELL
3935 103 4 BUY
3936 97 1 BUY
3937 107 84 BUY
3938 106 90 BUY
3939 98 77 BUY
3940 99 57 SELL
3941 99 18 BUY
3942 91 31 SELL
3943 99 72 BUY
3944 109 49 SELL
3945 94 21 BUY
3946 94 53 SELL
3947 98 1 BUY
3948 96 28 SELL
3949 102 57 BUY
3950 91 19 BUY
3951 93 34 SELL
3952 103 84 SELL
3953 92 97 BUY
3954 105 32 BUY
3955 92 21 BUY
3956 93 47 SELL
3957 108 35 SELL
3958 103 24 BUY
3959 92 35 BUY
3960 102 92 SELL
3961 108 60 BUY
3962 93 47 SELL
3963 93 6 BUY
3964 110 52 SELL
3965 100 27 SELL
3966 95 35 BUY
3967 104 23 BUY
3968 100 32 SELL
3969 102 98 SELL
3970 92 50 BUY
3971 106 96 BUY
3972 107 53 BUY
3973 95 51 SELL
3974 104 65 SELL
3975 105 92 SELL
3976 107 56 SELL
3977 90 4 BUY
3978 102 94 SELL
3979 105 100 BUY
3980 109 30 SELL
3981 98 56 BUY
3982 91 58 BUY
3983 104 75 BUY
3984 95 1 BUY
3985 97 17 BUY
3986 93 97 SELL
3987 104 87 BUY
3988 106 74 SELL
3989 91 80 BUY
3990 101 39 BUY
3991 108 43 SELL
3992 107 55 BUY
3993 99 17 BUY
3994 106 39 BUY
3995 105 71 SELL
3996 105 45 SELL
3997 91 91 BUY
3998 98 86 SELL
3999 90 11 BUY
4000 102 61 BUY
4001 92 39 SELL
4002 97 38 SELL
4003 90 64 BUY
4004 96 65 BUY
4005 109 7 BUY
4006 100 37 SELL
4007 109 6 SELL
4008 91 22 BUY
4009 101 77 BUY
4010 108 70 SELL
4011 91 36 SELL
4012 99 24 BUY
4013 91 49 SELL
4014 99 32 BUY
4015 106 73 BUY
4016 100 94 SELL
4017 102 86 BUY
4018 107 40 SELL
4019 107 29 SELL
4020 102 36 SELL
4021 103 95 BUY
4022 109 54 SELL
4023 92 18 SELL
4024 104 4 BUY
4025 98 50 SELL
4026 108 78 BUY
4027 106 86 SELL
4028 91 14 BUY
4029 94 97 BUY
4030 90 49 SELL
4031 93 29 SELL
4032 107 25 BUY
4033 92 81 SELL
4034 91 56 BUY
4035 91 68 SELL
4036 106 74 SELL
4037 109 63 BUY
4038 94 88 SELL
4039 104 75 BUY
4040 110 48 BUY
4041 105 79 BUY
4042 92 5 BUY
4043 101 100 BUY
4044 110 60 BUY
4045 107 21 SELL
4046 106 55 BUY
4047 96 7 BUY
4048 91 62 SELL
4049 105 59 BUY
4050 91 30 SELL
4051 102 10 SELL
4052 90 42 SELL
4053 91 82 BUY
4054 107 47 BUY
4055 91 41 BUY
4056 93 65 SELL
4057 106 43 SELL
4058 106 66 SELL
4059 93 46 SELL
4060 91 32 SELL
4061 99 72 BUY
4062 99 46 SELL
4063 108 79 BUY
4064 105 3 SELL
4065 91 72 SELL
4066 107 7 SELL
4067 107 31 BUY
4068 106 56 SELL
4069 109 24 BUY
4070 107 6 SELL
4071 96 5 BUY
4072 93 47 SELL
4073 96 41 BUY
4074 99 38 BUY
4075 97 44 SELL
4076 90 85 SELL
4077 91 67 BUY
4078 106 45 SELL
4079 94 83 BUY
4080 110 41 SELL
4081 90 48 SELL
4082 107 66 SELL
4083 99 35 BUY
4084 106 88 SELL
4085 106 73 BUY
4086 98 33 SELL
4087 108 28 SELL
4088 105 6 SELL
4089 108 82 BUY
4090 95 99 BUY
4091 90 90 BUY
4092 100 76 SELL
4093 90 5 SELL
4094 102 4 BUY
4095 105 27 BUY
4096 101 97 BUY
4097 108 73 BUY
4098 99 85 SELL
4099 92 36 BUY
4100 101 5 BUY
4101 101 93 BUY
4102 97 8 SELL
4103 92 45 SELL
4104 92 47 BUY
4105 105 1 BUY
4106 91 53 BUY
4107 98 88 SELL
4108 101 24 SELL
4109 98 2 SELL
4110 108 60 SELL
4111 96 87 BUY
4112 97 29 SELL
4113 108 5 SELL
4114 96 99 BUY
4115 96 96 BUY
4116 105 24 BUY
4117 108 14 SELL
4118 101 42 BUY
4119 99 17 BUY
4120 96 20 SELL
4121 97 2 SELL
4122 103 100 BUY
4123 99 45 BUY
4124 107 37 BUY
4125 95 83 BUY
4126 101 61 SELL
4127 92 16 BUY
4128 107 75 SELL
4129 93 20 SELL
4130 91 90 BUY
4131 91 42 BUY
4132 102 63 SELL
4133 109 18 BUY
4134 96 99 BUY
4135 103 51 SELL
4136 106 28 SELL
4137 102 32 BUY
4138 103 4 SELL
4139 95 18 BUY
4140 107 24 BUY
4141 93 85 SELL
4142 102 88 SELL
4143 95 61 SELL
4144 110 12 SELL
4145 92 88 SELL
4146 109 87 BUY
4147 109 34 BUY
4148 91 92 SELL
4149 107 52 BUY
4150 101 32 SELL
4151 103 1 SELL
4152 95 12 SELL
4153 91 65 SELL
4154 99 3 SELL
4155 93 16 BUY
4156 99 38 BUY
4157 107 78 SELL
4158 99 54 SELL
4159 91 41 BUY
4160 105 10 SELL
4161 102 4 BUY
4162 102 62 SELL
4163 95 48 SELL
4164 96 31 BUY
4165 93 9 SELL
4166 96 85 SELL
4167 98 33 BUY
4168 92 89 SELL
4169 109 56 SELL
4170 94 51 BUY
4171 102 49 SELL
4172 95 86 SELL
4173 106 99 BUY
4174 95 99 SELL
4175 103 50 SELL
4176 92 39 SELL
4177 99 4 SELL
4178 100 79 SELL
4179 96 59 BUY
4180 106 47 BUY
4181 95 23 BUY
4182 101 90 BUY
4183 105 13 BUY
4184 108 52 BUY
4185 97 64 SELL
4186 98 62 SELL
4187 94 87 BUY
4188 106 16 SELL
4189 95 2 SELL
4190 104 89 BUY
4191 106 87 BUY
4192 92 50 SELL
4193 94 40 BUY
4194 93 56 SELL
4195 95 30 BUY
4196 105 69 BUY
4197 102 57 BUY
4198 96 31 BUY
4199 105 79 SELL
4200 110 55 BUY
4201 110 61 BUY
4202 97 98 SELL
4203 99 3 BUY
4204 108 74 SELL
4205 110 9 BUY
4206 94 57 BUY
4207 105 60 SELL
4208 104 18 SELL
4209 104 60 SELL
4210 109 50 SELL
4211 92 34 BUY
4212 99 34 SELL
4213 99 44 BUY
4214 107 75 SELL
4215 99 80 BUY
4216 101 21 BUY
4217 100 64 BUY
4218 96 95 SELL
4219 109 35 BUY
4220 95 32 BUY
4221 93 79 SELL
4222 95 62 SELL
4223 105 82 BUY
4224 103 78 BUY
4225 92 57 SELL
4226 97 1 SELL
4227 108 78 BUY
4228 100 43 SELL
4229 94 80 SELL
4230 108 67 BUY
4231 94 57 BUY
4232 93 11 SELL
4233 90 30 BUY
4234 92 18 SELL
4235 95 95 SELL
4236 99 74 BUY
4237 106 11 SELL
4238 110 19 SELL
4239 100 61 SELL
4240 94 50 SELL
4241 107 39 SELL
4242 97 58 SELL
4243 94 95 BUY
4244 105 95 SELL
4245 103 31 SELL
4246 100 34 BUY
4247 104 73 SELL
4248 103 63 SELL
4249 103 97 SELL
4250 103 63 SELL
4251 104 90 SELL
4252 109 10 BUY
4253 102 30 SELL
4254 97 37 SELL
4255 102 6 SELL
4256 100 43 BUY
4257 96 4 SELL
4258 108 66 SELL
4259 102 72 SELL
4260 106 4 SELL
4261 91 78 SELL
4262 107 52 BUY
4263 92 34 SELL
4264 108 56 SELL
4265 91 83 SELL
4266 109 66 SELL
4267 108 74 SELL
4268 105 72 BUY
4269 95 80 SELL
4270 91 57 SELL
4271 92 5 BUY
4272 94 62 SELL
4273 104 38 BUY
4274 104 79 SELL
4275 106 79 BUY
4276 104 68 SELL
4277 106 32 BUY
4278 102 94 BUY
4279 105 66 SELL
4280 107 95 SELL
4281 97 47 SELL
4282 92 13 BUY
4283 107 48 BUY
4284 95 39 BUY
4285 99 70 SELL
4286 93 49 BUY
4287 106 68 SELL
4288 99 34 SELL
4289 90 65 BUY
4290 91 79 BUY
4291 93 84 BUY
4292 99 9 BUY
4293 104 5 BUY
4294 109 6 BUY
4295 109 67 SELL
4296 108 21 BUY
4297 100 87 SELL
4298 104 86 SELL
4299 93 44 SELL
4300 93 38 SELL
4301 101 78 BUY
4302 103 18 BUY
4303 96 70 BUY
4304 96 72 BUY
4305 96 6 BUY
4306 90 52 BUY
4307 90 24 SELL
4308 93 5 BUY
4309 108 42 SELL
4310 109 46 BUY
4311 92 65 BUY
4312 102 96 SELL
4313 101 51 BUY
4314 102 79 SELL
4315 90 21 BUY
4316 93 94 SELL
4317 98 48 BUY
4318 93 1 SELL
4319 90 39 BUY
4320 106 26 SELL
4321 104 92 SELL
4322 103 20 BUY
4323 92 22 SELL
4324 104 2 SELL
4325 93 67 SELL
4326 99 33 BUY
4327 100 70 SELL
4328 102 64 SELL
4329 100 4 SELL
4330 97 34 BUY
4331 95 38 SELL
4332 102 50 BUY
4333 91 83 SELL
4334 107 10 SELL
4335 92 50 SELL
4336 94 12 SELL
4337 109 100 SELL
4338 101 85 BUY
4339 107 26 BUY
4340 109 62 SELL
4341 101 89 BUY
4342 106 23 SELL
4343 92 12 SELL
4344 93 2 BUY
4345 93 27 SELL
4346 95 3 BUY
4347 100 80 BUY
4348 94 48 BUY
4349 99 15 SELL
4350 91 16 BUY
4351 110 32 BUY
4352 101 1 SELL
4353 100 46 BUY
4354 109 41 BUY
4355 96 87 BUY
4356 106 2 SELL
4357 108 71 BUY
4358 109 10 SELL
4359 100 84 SELL
4360 92 52 SELL
4361 110 43 BUY
4362 100 46 BUY
4363 92 62 SELL
4364 108 25 BUY
4365 101 92 BUY
4366 94 16 BUY
4367 109 61 BUY
4368 103 25 SELL
4369 106 46 SELL
4370 93 96 BUY
4371 103 92 SELL
4372 107 19 BUY
4373 94 55 BUY
4374 92 8 BUY
4375 101 34 BUY
4376 101 57 SELL
4377 100 35 SELL
4378 106 95 BUY
4379 99 84 SELL
4380 110 21 BUY
4381 96 68 SELL
4382 95 10 BUY
4383 99 45 BUY
4384 94 72 SELL
4385 101 83 SELL
4386 102 13 SELL
4387 92 14 BUY
4388 109 10 BUY
4389 107 57 BUY
4390 98 91 BUY
4391 99 15 SELL
4392 91 21 BUY
4393 104 57 SELL
4394 96 33 BUY
4395 104 25 SELL
4396 100 74 SELL
4397 103 50 BUY
4398 93 9 SELL
4399 102 81 SELL
4400 99 9 SELL
4401 90 90 BUY
4402 109 66 BUY
4403 108 8 BUY
4404 92 18 BUY
4405 103 56 BUY
4406 90 55 SELL
4407 104 76 BUY
4408 95 52 SELL
4409 97 31 SELL
4410 100 96 SELL
4411 101 19 BUY
4412 104 20 SELL
4413 93 55 BUY
4414 98 73 BUY
4415 100 93 SELL
4416 92 3 BUY
4417 100 13 SELL
4418 90 86 BUY
4419 97 83 SELL
4420 97 11 BUY
4421 98 56 SELL
4422 107 90 BUY
4423 106 79 BUY
4424 109 85 BUY
4425 98 86 BUY
4426 106 60 BUY
4427 104 80 SELL
4428 101 46 BUY
4429 105 67 BUY
4430 104 23 BUY
4431 103 26 BUY
4432 107 66 SELL
4433 110 60 SELL
4434 109 66 SELL
4435 108 50 SELL
4436 94 67 BUY
4437 108 77 SELL
4438 103 53 BUY
4439 105 100 BUY
4440 95 100 BUY
4441 110 1 BUY
4442 91 20 SELL
4443 97 78 BUY
4444 110 31 SELL
4445 94 53 BUY
4446 100 87 SELL
4447 109 35 SELL
4448 110 63 SELL
4449 99 7 SELL
4450 106 49 BUY
4451 92 52 BUY
4452 107 71 BUY
4453 107 47 SELL
4454 103 11 SELL
4455 99 46 SELL
4456 95 38 SELL
4457 90 50 BUY
4458 94 62 BUY
4459 100 71 BUY
4460 99 90 BUY
4461 105 45 BUY
4462 110 15 BUY
4463 105 16 SELL
4464 92 7 SELL
4465 109 6 BUY
4466 92 10 SELL
4467 102 88 BUY
4468 96 18 BUY
4469 110 99 BUY
4470 94 87 SELL
4471 94 77 SELL
4472 108 74 SELL
4473 95 45 BUY
4474 103 71 SELL
4475 110 31 BUY
4476 97 80 SELL
4477 91 4 SELL
4478 93 39 BUY
4479 99 97 BUY
4480 94 38 BUY
4481 94 57 BUY
4482 103 10 BUY
4483 96 63 BUY
4484 107 20 SELL
4485 90 85 SELL
4486 94 9 BUY
4487 100 27 SELL
4488 108 42 SELL
4489 101 67 BUY
4490 110 72 SELL
4491 98 46 SELL
4492 102 38 BUY
4493 99 9 BUY
4494 100 78 SELL
4495 91 53 BUY
4496 108 90 BUY
4497 90 46 BUY
4498 90 14 BUY
4499 90 61 BUY
4500 93 83 BUY
4501 99 20 SELL
4502 93 98 BUY
4503 91 94 BUY
4504 97 5 BUY
4505 100 48 BUY
4506 105 55 SELL
4507 92 7 BUY
4508 105 57 SELL
4509 104 95 BUY
4510 98 64 BUY
4511 109 7 SELL
4512 99 30 SELL
4513 101 40 BUY
4514 100 54 BUY
4515 95 39 BUY
4516 102 33 BUY
4517 108 42 BUY
4518 98 46 SELL
4519 92 86 SELL
4520 100 33 BUY
4521 99 57 BUY
4522 95 5 BUY
4523 103 18 SELL
4524 109 51 BUY
4525 97 34 BUY
4526 91 71 BUY
4527 107 47 BUY
4528 102 63 SELL
4529 96 33 SELL
4530 107 17 SELL
4531 96 49 SELL
4532 97 49 BUY
4533 108 65 SELL
4534 110 44 SELL
4535 108 90 BUY
4536 93 97 BUY
4537 99 77 BUY
4538 104 83 BUY
4539 102 24 SELL
4540 108 98 SELL
4541 105 68 BUY
4542 92 41 BUY
4543 96 46 BUY
4544 108 78 BUY
4545 94 38 SELL
4546 97 17 SELL
4547 91 50 SELL
4548 90 79 SELL
4549 102 97 BUY
4550 103 95 SELL
4551 105 3 SELL
4552 91 27 SELL
4553 90 75 SELL
4554 94 16 BUY
4555 96 100 BUY
4556 105 12 BUY
4557 102 22 SELL
4558 99 28 SELL
4559 93 45 SELL
4560 103 56 SELL
4561 108 27 BUY
4562 109 10 BUY
4563 94 53 SELL
4564 99 73 BUY
4565 100 64 BUY
4566 95 65 SELL
4567 109 23 SELL
4568 103 66 BUY
4569 93 77 BUY
4570 110 31 BUY
4571 90 24 BUY
4572 106 24 BUY
4573 97 71 BUY
4574 91 16 BUY
4575 106 83 BUY
4576 99 14 BUY
4577 98 21 BUY
4578 107 61 SELL
4579 103 60 BUY
4580 95 14 BUY
4581 98 22 SELL
4582 104 86 BUY
4583 94 85 BUY
4584 106 92 SELL
4585 106 28 SELL
4586 95 40 BUY
4587 93 96 BUY
4588 106 12 BUY
4589 105 21 SELL
4590 90 71 SELL
4591 93 12 BUY
4592 92 76 BUY
4593 102 24 BUY
4594 107 61 SELL
4595 94 6 SELL
4596 92 27 BUY
4597 108 88 SELL
4598 94 63 SELL
4599 105 65 SELL
4600 102 28 SELL
4601 102 28 SELL
4602 107 42 BUY
4603 105 39 BUY
4604 107 95 BUY
4605 90 77 SELL
4606 90 66 SELL
4607 93 27 BUY
4608 109 33 BUY
4609 110 92 BUY
4610 90 66 SELL
4611 96 17 SELL
4612 91 18 BUY
4613 91 56 BUY
4614 95 13 SELL
4615 102 34 SELL
4616 101 98 BUY
4617 99 93 BUY
4618 99 17 SELL
4619 92 30 BUY
4620 96 4 SELL
4621 106 10 SELL
4622 106 11 BUY
4623 96 35 SELL
4624 91 4 BUY
4625 107 32 SELL
4626 101 74 SELL
4627 100 58 SELL
4628 97 73 SELL
4629 97 31 BUY
4630 92 99 SELL
4631 96 4 SELL
4632 96 27 SELL
4633 110 7 SELL
4634 110 36 SELL
4635 92 60 BUY
4636 98 55 SELL
4637 106 90 BUY
4638 97 92 SELL
4639 90 92 SELL
4640 103 83 SELL
4641 96 80 BUY
4642 97 49 BUY
4643 103 10 SELL
4644 95 14 BUY
4645 99 31 BUY
4646 106 41 BUY
4647 103 46 BUY
4648 98 86 SELL
4649 104 81 BUY
4650 96 8 BUY
4651 103 22 BUY
4652 96 86 BUY
4653 90 61 SELL
4654 93 29 BUY
4655 104 51 BUY
4656 97 4 BUY
4657 102 63 SELL
4658 107 89 BUY
4659 98 53 BUY
4660 102 39 SELL
4661 97 43 SELL
4662 91 22 BUY
4663 109 50 BUY
4664 108 36 BUY
4665 105 17 BUY
4666 105 100 BUY
4667 93 96 BUY
4668 102 93 BUY
4669 103 32 SELL
4670 109 7 SELL
4671 93 100 SELL
4672 106 40 SELL
4673 108 29 BUY
4674 110 26 SELL
4675 98 95 BUY
4676 100 18 SELL
4677 110 36 BUY
4678 97 94 SELL
4679 94 28 BUY
4680 108 18 BUY
4681 106 72 SELL
4682 97 63 BUY
4683 109 76 SELL
4684 98 71 BUY
4685 108 81 BUY
4686 110 3 SELL
4687 109 93 SELL
4688 96 65 BUY
4689 108 60 SELL
4690 110 30 BUY
4691 91 17 BUY
4692 100 64 BUY
4693 98 91 BUY
4694 97 1 BUY
4695 97 28 BUY
4696 92 93 BUY
4697 93 95 BUY
4698 102 30 SELL
4699 91 94 BUY
4700 90 66 BUY
4701 98 8 BUY
4702 96 16 SELL
4703 96 32 BUY
4704 96 85 BUY
4705 93 52 SELL
4706 94 27 SELL
4707 90 31 SELL
4708 97 49 SELL
4709 103 24 BUY
4710 91 37 BUY
4711 97 56 SELL
4712 93 1 BUY
4713 109 34 SELL
4714 96 36 SELL
4715 107 76 BUY
4716 91 82 BUY
4717 91 61 SELL
4718 103 53 SELL
4719 109 77 BUY
4720 110 42 BUY
4721 98 77 SELL
4722 99 55 SELL
4723 100 86 SELL
4724 109 61 BUY
4725 110 32 SELL
4726 108 26 BUY
4727 109 39 SELL
4728 109 13 SELL
4729 106 31 SELL
4730 95 37 SELL
4731 103 97 SELL
4732 92 18 SELL
4733 110 68 BUY
4734 97 78 BUY
4735 100 31 SELL
4736 101 78 BUY
4737 102 50 BUY
4738 106 77 SELL
4739 93 59 SELL
4740 100 20 SELL
4741 104 47 SELL
4742 110 95 BUY
4743 100 17 BUY
4744 91 94 SELL
4745 91 17 SELL
4746 90 57 BUY
4747 91 100 BUY
4748 91 5 BUY
4749 107 78 SELL
4750 91 94 BUY
4751 105 43 BUY
4752 94 57 BUY
4753 108 39 SELL
4754 95 26 BUY
4755 94 29 SELL
4756 100 27 SELL
4757 91 2 BUY
4758 104 92 SELL
4759 97 4 BUY
4760 104 26 SELL
4761 108 88 SELL
4762 105 40 SELL
4763 91 50 BUY
4764 91 38 SELL
4765 106 29 SELL
4766 107 53 SELL
4767 99 91 SELL
4768 100 42 BUY
4769 100 85 SELL
4770 101 27 BUY
4771 92 87 BUY
4772 108 63 SELL
4773 102 49 BUY
4774 108 15 SELL
4775 106 53 SELL
4776 93 32 SELL
4777 93 8 SELL
4778 100 85 BUY
4779 99 15 BUY
4780 103 79 BUY
4781 94 70 BUY
4782 107 82 BUY
4783 101 20 SELL
4784 98 25 SELL
4785 101 72 SELL
4786 110 87 BUY
4787 93 2 SELL
4788 93 18 BUY
4789 103 78 BUY
4790 107 34 SELL
4791 96 62 BUY
4792 90 2 BUY
4793 100 93 SELL
4794 107 36 SELL
4795 90 20 BUY
4796 103 73 SELL
4797 102 47 BUY
4798 96 36 BUY
4799 92 30 SELL
4800 102 17 BUY
4801 92 70 SELL
4802 106 75 BUY
4803 100 99 BUY
4804 105 86 SELL
4805 96 54 BUY
4806 109 55 BUY
4807 105 72 BUY
4808 108 65 BUY
4809 104 65 SELL
4810 100 92 SELL
4811 92 24 BUY
4812 103 31 SELL
4813 106 97 SELL
4814 91 43 SELL
4815 110 92 BUY
4816 105 67 SELL
4817 96 8 BUY
4818 109 67 BUY
4819 101 62 SELL
4820 106 70 BUY
4821 98 29 BUY
4822 106 96 BUY
4823 104 27 BUY
4824 106 10 BUY
4825 105 85 SELL
4826 101 71 BUY
4827 104 39 SELL
4828 109 87 SELL
4829 95 52 BUY
4830 109 62 SELL
4831 98 37 BUY
4832 103 43 SELL
4833 100 62 SELL
4834 96 37 BUY
4835 103 8 SELL
4836 110 26 SELL
4837 93 49 SELL
4838 106 49 SELL
4839 108 89 BUY
4840 107 86 SELL
4841 92 83 BUY
4842 108 53 BUY
4843 103 28 BUY
4844 93 6 BUY
4845 99 29 SELL
4846 96 39 SELL
4847 100 55 SELL
4848 96 84 SELL
4849 99 44 SELL
4850 99 96 BUY
4851 91 9 SELL
4852 102 17 SELL
4853 108 13 BUY
4854 97 73 BUY
4855 109 61 BUY
4856 92 10 BUY
4857 102 42 BUY
4858 109 47 SELL
4859 108 11 BUY
4860 106 86 SELL
4861 101 37 SELL
4862 99 47 SELL
4863 92 64 BUY
4864 91 49 BUY
4865 99 86 BUY
4866 109 39 SELL
4867 99 28 BUY
4868 110 7 BUY
4869 99 28 BUY
4870 99 26 BUY
4871 106 90 BUY
4872 99 4 BUY
4873 98 18 BUY
4874 90 13 BUY
4875 102 46 BUY
4876 97 41 BUY
4877 104 88 SELL
4878 110 45 BUY
4879 100 39 SELL
4880 102 69 BUY
4881 103 78 SELL
4882 106 75 BUY
4883 97 79 BUY
4884 93 51 BUY
4885 103 67 BUY
4886 99 87 BUY
4887 108 68 BUY
4888 97 7 BUY
4889 105 46 SELL
4890 107 99 SELL
4891 100 1 SELL
4892 93 38 SELL
4893 93 58 SELL
4894 103 28 SELL
4895 101 97 SELL
4896 97 49 SELL
4897 108 76 BUY
4898 102 52 BUY
4899 95 40 SELL
4900 99 15 SELL
4901 98 54 SELL
4902 107 98 SELL
4903 92 99 BUY
4904 105 26 BUY
4905 98 96 BUY
4906 106 1 BUY
4907 92 83 SELL
4908 110 33 BUY
4909 98 44 SELL
4910 102 57 SELL
4911 94 42 BUY
4912 110 24 BUY
4913 102 81 BUY
4914 92 91 BUY
4915 109 4 SELL
4916 99 90 SELL
4917 95 31 BUY
4918 91 98 BUY
4919 94 97 SELL
4920 96 25 BUY
4921 93 29 SELL
4922 95 60 SELL
4923 103 56 SELL
4924 101 26 BUY
4925 101 47 SELL
4926 90 69 SELL
4927 98 90 SELL
4928 96 33 SELL
4929 100 4 SELL
4930 110 38 BUY
4931 93 6 BUY
4932 99 57 SELL
4933 100 43 BUY
4934 100 60 SELL
4935 90 37 SELL
4936 99 69 BUY
4937 100 53 SELL
4938 95 78 SELL
4939 103 22 BUY
4940 109 84 BUY
4941 103 19 SELL
4942 90 18 SELL
4943 109 8 BUY
4944 109 22 SELL
4945 90 97 BUY
4946 92 42 BUY
4947 100 46 BUY
4948 98 92 BUY
4949 108 76 SELL
4950 90 96 BUY
4951 94 80 SELL
4952 100 52 BUY
4953 108 75 BUY
4954 93 4 SELL
4955 108 17 SELL
4956 94 59 SELL
4957 97 51 BUY
4958 100 82 SELL
4959 91 85 SELL
4960 97 15 BUY
4961 96 60 BUY
4962 92 75 SELL
4963 109 68 BUY
4964 99 32 SELL
4965 91 80 SELL
4966 105 48 SELL
4967 109 57 SELL
4968 90 58 SELL
4969 95 81 SELL
4970 94 95 SELL
4971 104 40 SELL
4972 97 30 SELL
4973 92 35 BUY
4974 107 13 BUY
4975 100 39 SELL
4976 90 56 SELL
4977 98 10 SELL
4978 90 94 BUY
4979 92 56 BUY
4980 105 67 BUY
4981 104 79 BUY
4982 94 18 SELL
4983 104 37 SELL
4984 110 14 BUY
4985 95 5 BUY
4986 94 73 SELL
4987 91 80 BUY
4988 93 77 SELL
4989 108 45 SELL
4990 97 21 SELL
4991 104 18 SELL
4992 94 100 SELL
4993 109 37 SELL
4994 107 53 SELL
4995 94 27 SELL
4996 93 39 SELL
4997 96 91 BUY
4998 101 37 SELL
4999 106 36 SELL
5000 96 70 SELL
5001 94 84 BUY
5002 92 66 SELL
5003 95 97 BUY
5004 107 64 BUY
5005 100 27 SELL
5006 106 28 SELL
5007 102 70 SELL
5008 96 14 SELL
5009 108 6 SELL
5010 96 52 BUY
5011 95 68 SELL
5012 98 36 BUY
5013 107 20 BUY
5014 94 62 BUY
5015 98 23 BUY
5016 104 11 BUY
5017 90 46 SELL
5018 101 60 SELL
5019 98 28 BUY
5020 98 48 SELL
5021 109 92 SELL
5022 99 24 BUY
5023 93 47 SELL
5024 91 47 SELL
5025 107 31 SELL
5026 105 70 BUY
5027 104 10 SELL
5028 91 37 BUY
5029 95 44 BUY
5030 96 14 SELL
5031 95 20 BUY
5032 95 93 SELL
5033 101 2 BUY
5034 93 96 BUY
5035 108 85 BUY
5036 95 1 SELL
5037 109 19 BUY
5038 99 13 BUY
5039 92 95 BUY
5040 105 24 SELL
5041 102 50 SELL
5042 92 41 SELL
5043 96 84 SELL
5044 95 98 BUY
5045 110 46 BUY
5046 107 1 SELL
5047 98 26 SELL
5048 102 14 SELL
5049 91 25 BUY
5050 91 42 SELL
5051 110 61 BUY
5052 101 24 BUY
5053 96 54 SELL
5054 95 99 BUY
5055 100 7 SELL
5056 107 58 SELL
5057 107 71 BUY
5058 95 57 BUY
5059 107 3 BUY
5060 91 5 BUY
5061 91 72 BUY
5062 91 81 SELL
5063 94 19 BUY
5064 90 44 BUY
5065 104 47 SELL
5066 105 16 BUY
5067 106 1 BUY
5068 97 23 BUY
5069 110 94 BUY
5070 105 62 BUY
5071 92 100 BUY
5072 105 11 BUY
5073 106 81 BUY
5074 97 99 SELL
5075 106 57 SELL
5076 108 52 BUY
5077 102 85 BUY
5078 90 85 BUY
5079 109 60 BUY
5080 95 40 SELL
5081 91 66 BUY
5082 91 98 BUY
5083 90 11 SELL
5084 109 59 SELL
5085 92 91 SELL
5086 91 14 BUY
5087 100 85 SELL
5088 96 78 SELL
5089 99 46 BUY
5090 109 43 BUY
5091 106 24 SELL
5092 109 61 SELL
5093 99 86 SELL
5094 101 17 SELL
5095 94 49 SELL
5096 90 28 BUY
5097 103 21 BUY
5098 108 25 BUY
5099 109 18 SELL
5100 107 88 SELL
5101 93 2 BUY
5102 109 58 BUY
5103 110 18 SELL
5104 106 68 SELL
5105 104 100 SELL
5106 99 76 BUY
5107 107 94 SELL
5108 98 91 SELL
5109 91 3 BUY
5110 109 41 BUY
5111 110 46 SELL
5112 95 82 BUY
5113 107 99 SELL
5114 104 7 BUY
5115 99 65 BUY
5116 100 15 SELL
5117 104 17 BUY
5118 102 59 BUY
5119 98 68 BUY
5120 100 40 BUY
5121 106 17 SELL
5122 90 23 BUY
5123 90 22 BUY
5124 97 94 SELL
5125 98 11 SELL
5126 97 74 SELL
5127 94 58 SELL
5128 102 34 BUY
5129 95 80 SELL
5130 94 65 BUY
5131 92 23 BUY
5132 110 9 SELL
5133 108 82 BUY
5134 100 57 SELL
5135 102 5 SELL
5136 109 24 SELL
5137 106 91 BUY
5138 108 97 SELL
5139 105 34 SELL
5140 93 54 SELL
5141 95 3 SELL
5142 102 74 SELL
5143 103 51 SELL
5144 92 80 SELL
5145 102 73 SELL
5146 103 45 SELL
5147 100 6 SELL
5148 110 81 SELL
5149 101 72 BUY
5150 105 2 BUY
5151 109 10 BUY
5152 107 13 SELL
5153 100 84 SELL
5154 107 98 SELL
5155 95 94 SELL
5156 109 88 SELL
5157 95 53 BUY
5158 95 46 SELL
5159 101 1 BUY
5160 96 48 BUY
5161 105 53 SELL
5162 107 89 SELL
5163 104 16 SELL
5164 110 65 BUY
5165 92 95 SELL
5166 107 10 SELL
5167 109 35 SELL
5168 110 58 SELL
5169 91 81 SELL
5170 105 85 BUY
5171 91 22 BUY
5172 94 100 BUY
5173 109 92 BUY
5174 104 47 BUY
5175 101 45 BUY
5176 93 62 SELL
5177 92 90 SELL
5178 104 86 SELL
5179 108 32 SELL
5180 91 2 SELL
5181 91 46 SELL
5182 106 77 BUY
5183 109 60 SELL
5184 110 78 SELL
5185 105 28 SELL
5186 99 8 BUY
5187 110 52 SELL
5188 96 14 SELL
5189 108 91 BUY
5190 90 31 SELL
5191 91 86 BUY
5192 101 7 BUY
5193 99 34 BUY
5194 94 84 SELL
5195 106 75 SELL
5196 95 99 BUY
5197 97 68 SELL
5198 110 64 SELL
5199 110 98 SELL
5200 100 1 BUY
5201 93 57 SELL
5202 109 41 SELL
5203 90 51 BUY
5204 98 30 SELL
5205 99 25 BUY
5206 105 84 BUY
5207 96 15 SELL
5208 98 7 BUY
5209 99 99 SELL
5210 94 72 SELL
5211 106 25 BUY
5212 94 57 BUY
5213 93 94 BUY
5214 98 47 SELL
5215 107 94 BUY
5216 95 13 SELL
5217 92 13 SELL
5218 93 44 SELL
5219 107 24 SELL
5220 109 43 SELL
5221 99 33 SELL
5222 96 29 SELL
5223 91 91 SELL
5224 91 51 SELL
5225 98 92 BUY
5226 106 94 SELL
5227 101 1 SELL
5228 107 82 BUY
5229 103 51 SELL
5230 110 57 SELL
5231 96 49 SELL
5232 104 87 BUY
5233 110 11 BUY
5234 94 23 BUY
5235 102 49 SELL
5236 103 16 BUY
5237 107 9 SELL
5238 104 88 BUY
5239 98 17 BUY
5240 94 90 BUY
5241 100 81 SELL
5242 107 16 SELL
5243 103 50 BUY
5244 107 81 BUY
5245 104 55 BUY
5246 94 66 BUY
5247 99 26 BUY
5248 97 47 SELL
5249 96 76 BUY
5250 107 88 SELL
5251 90 74 SELL
5252 91 17 BUY
5253 99 98 SELL
5254 91 55 SELL
5255 91 94 BUY
5256 103 2 SELL
5257 106 73 SELL
5258 106 63 SELL
5259 99 97 SELL
5260 99 33 BUY
5261 105 24 SELL
5262 99 69 SELL
5263 96 8 BUY
5264 91 3 BUY
5265 109 77 SELL
5266 99 77 SELL
5267 91 71 SELL
5268 103 67 BUY
5269 103 4 BUY
5270 102 100 SELL
5271 102 42 BUY
5272 108 12 BUY
5273 101 77 BUY
5274 107 85 BUY
5275 103 68 BUY
5276 103 34 BUY
5277 107 47 BUY
5278 103 33 BUY
5279 97 90 BUY
5280 95 47 SELL
5281 109 42 BUY
5282 101 96 BUY
5283 90 78 BUY
5284 105 33 BUY
5285 105 18 SELL
5286 91 26 BUY
5287 97 8 BUY
5288 93 91 BUY
5289 95 34 BUY
5290 91 37 BUY
5291 107 34 SELL
5292 98 98 BUY
5293 108 47 BUY
5294 106 44 BUY
5295 110 92 SELL
5296 97 66 BUY
5297 97 94 SELL
5298 90 51 SELL
5299 108 55 BUY
5300 98 4 SELL
5301 96 3 BUY
5302 91 92 SELL
5303 101 35 BUY
5304 92 4 SELL
5305 104 39 BUY
5306 106 7 SELL
5307 91 42 SELL
5308 96 42 SELL
5309 90 34 SELL
5310 101 12 SELL
5311 90 22 SELL
5312 101 57 BUY
5313 98 60 BUY
5314 103 10 SELL
5315 106 41 SELL
5316 101 20 SELL
5317 91 23 SELL
5318 102 9 BUY
5319 95 17 SELL
5320 95 84 BUY
5321 103 93 SELL
5322 94 31 SELL
5323 97 42 BUY
5324 107 77 SELL
5325 94 79 BUY
5326 101 40 SELL
5327 90 77 SELL
5328 90 30 SELL
5329 98 7 BUY
5330 92 10 SELL
5331 99 41 SELL
5332 104 60 SELL
5333 108 52 BUY
5334 97 57 BUY
5335 100 76 SELL
5336 103 53 BUY
5337 104 41 BUY
5338 104 86 BUY
5339 107 77 BUY
5340 91 51 SELL
5341 107 19 BUY
5342 95 2 SELL
5343 103 60 BUY
5344 101 100 BUY
5345 94 84 BUY
5346 102 52 BUY
5347 92 23 BUY
5348 108 67 SELL
5349 95 97 SELL
5350 102 28 SELL
5351 110 45 SELL
5352 90 43 BUY
5353 107 100 SELL
5354 110 62 BUY
5355 109 5 BUY
5356 110 58 SELL
5357 103 14 BUY
5358 107 49 BUY
5359 101 91 BUY
5360 93 52 BUY
5361 104 89 BUY
5362 97 41 BUY
5363 107 73 SELL
5364 110 35 SELL
5365 91 83 SELL
5366 99 46 BUY
5367 103 74 BUY
5368 99 61 BUY
5369 95 38 BUY
5370 107 35 BUY
5371 96 52 BUY
5372 98 57 BUY
5373 97 5 BUY
5374 107 53 BUY
5375 92 55 SELL
5376 103 43 BUY
5377 104 72 SELL
5378 102 66 SELL
5379 92 42 SELL
5380 97 96 SELL
5381 90 61 BUY
5382 107 27 BUY
5383 106 90 SELL
5384 106 100 SELL
5385 104 67 SELL
5386 96 47 SELL
5387 100 97 BUY
5388 107 84 SELL
5389 93 6 BUY
5390 109 55 BUY
5391 97 34 BUY
5392 91 79 BUY
5393 95 87 SELL
5394 105 77 BUY
5395 101 35 BUY
5396 103 49 BUY
5397 97 10 SELL
5398 99 97 BUY
5399 92 70 SELL
5400 104 13 BUY
5401 107 14 SELL
5402 106 75 BUY
5403 92 52 BUY
5404 110 51 BUY
5405 93 26 BUY
5406 108 29 BUY
5407 101 56 BUY
5408 109 76 BUY
5409 100 10 SELL
5410 98 46 BUY
5411 107 32 SELL
5412 106 28 SELL
5413 92 12 BUY
5414 98 74 BUY
5415 102 65 BUY
5416 92 50 BUY
5417 98 27 SELL
5418 105 90 SELL
5419 90 76 BUY
5420 97 40 SELL
5421 103 36 BUY
5422 94 2 SELL
5423 92 11 BUY
5424 101 55 BUY
5425 91 8 BUY
5426 96 6 SELL
5427 104 49 SELL
5428 106 97 BUY
5429 106 48 BUY
5430 105 23 SELL
5431 98 37 SELL
5432 96 53 BUY
5433 96 95 BUY
5434 96 16 BUY
5435 98 70 BUY
5436 105 29 SELL
5437 91 75 SELL
5438 108 14 BUY
5439 92 22 SELL
5440 93 8 SELL
5441 98 17 BUY
5442 98 84 BUY
5443 93 84 BUY
5444 102 28 BUY
5445 95 43 SELL
5446 100 91 SELL
5447 100 27 SELL
5448 101 24 BUY
5449 96 75 SELL
5450 106 5 BUY
5451 96 4 BUY
5452 97 64 SELL
5453 95 30 BUY
5454 92 16 BUY
5455 98 29 BUY
5456 91 76 BUY
5457 99 63 BUY
5458 91 37 SELL
5459 106 47 BUY
5460 93 92 BUY
5461 109 43 SELL
5462 99 92 BUY
5463 109 87 SELL
5464 101 75 BUY
5465 104 74 SELL
5466 103 55 BUY
5467 93 45 BUY
5468 95 70 BUY
5469 106 92 BUY
5470 104 36 BUY
5471 97 8 BUY
5472 108 72 BUY
5473 105 68 BUY
5474 91 75 BUY
5475 97 23 BUY
5476 106 4 BUY
5477 107 11 BUY
5478 107 22 SELL
5479 96 61 SELL
5480 99 2 BUY
5481 92 49 SELL
5482 100 61 BUY
5483 108 97 BUY
5484 98 38 BUY
5485 97 4 BUY
5486 108 70 SELL
5487 110 17 SELL
5488 91 55 SELL
5489 92 71 SELL
5490 107 63 SELL
5491 95 72 SELL
5492 94 95 BUY
5493 95 72 BUY
5494 91 89 BUY
5495 96 25 SELL
5496 99 1 BUY
5497 96 27 SELL
5498 107 43 SELL
5499 95 71 SELL
5500 97 5 SELL
5501 105 82 BUY
5502 103 7 BUY
5503 110 5 SELL
5504 97 47 BUY
5505 106 3 BUY
5506 103 100 SELL
5507 100 92 SELL
5508 96 37 BUY
5509 106 14 BUY
5510 92 78 BUY
5511 104 83 SELL
5512 97 81 BUY
5513 106 30 BUY
5514 103 81 SELL
5515 94 20 SELL
5516 109 54 BUY
5517 100 4 SELL
5518 108 36 BUY
5519 91 54 SELL
5520 95 30 BUY
5521 92 77 BUY
5522 109 18 BUY
5523 104 96 SELL
5524 107 86 SELL
5525 95 75 BUY
5526 95 93 SELL
5527 93 88 SELL
5528 97 91 BUY
5529 101 91 SELL
5530 110 64 BUY
5531 108 61 BUY
5532 110 15 BUY
5533 109 34 SELL
5534 103 73 BUY
5535 95 79 SELL
5536 103 6 SELL
5537 96 6 SELL
5538 104 66 SELL
5539 90 77 SELL
5540 93 50 BUY
5541 94 16 BUY
5542 103 7 SELL
5543 110 6 BUY
5544 106 90 BUY
5545 101 92 BUY
5546 103 83 SELL
5547 108 67 SELL
5548 102 100 BUY
5549 102 65 BUY
5550 109 67 SELL
5551 109 40 SELL
5552 102 8 SELL
5553 105 87 BUY
5554 90 78 SELL
5555 97 14 SELL
5556 108 72 SELL
5557 106 42 SELL
5558 93 67 BUY
5559 96 85 BUY
5560 105 91 BUY
5561 100 47 BUY
5562 94 65 SELL
5563 108 9 SELL
5564 96 14 SELL
5565 94 6 BUY
5566 106 9 SELL
5567 101 86 SELL
5568 108 90 SELL
5569 95 86 BUY
5570 108 3 BUY
5571 103 41 BUY
5572 106 16 BUY
5573 110 86 BUY
5574 110 56 BUY
5575 104 15 SELL
5576 101 8 SELL
5577 96 63 SELL
5578 100 52 BUY
5579 108 20 BUY
5580 108 85 BUY
5581 98 64 BUY
5582 97 45 SELL
5583 97 39 BUY
5584 91 84 SELL
5585 100 7 SELL
5586 108 23 BUY
5587 94 5 SELL
5588 90 94 BUY
5589 97 9 SELL
5590 103 33 SELL
5591 100 10 BUY
5592 96 84 BUY
5593 95 73 BUY
5594 92 37 BUY
5595 93 88 BUY
5596 101 33 BUY
5597 108 83 SELL
5598 108 24 BUY
5599 94 45 BUY
5600 95 85 SELL
5601 105 48 BUY
5602 93 24 SELL
5603 96 78 BUY
5604 109 97 BUY
5605 90 86 SELL
5606 96 9 SELL
5607 96 29 SELL
5608 95 3 BUY
5609 101 88 SELL
5610 110 2 SELL
5611 96 81 BUY
5612 90 89 SELL
5613 98 18 SELL
5614 101 13 SELL
5615 103 54 BUY
5616 91 99 SELL
5617 104 22 SELL
5618 100 77 SELL
5619 102 56 BUY
5620 93 71 SELL
5621 110 4 BUY
5622 98 62 BUY
5623 105 82 SELL
5624 95 88 SELL
5625 90 64 BUY
5626 93 2 BUY
5627 93 33 BUY
5628 110 39 BUY
5629 94 48 SELL
5630 94 52 SELL
5631 94 39 BUY
5632 108 5 BUY
5633 93 72 SELL
5634 99 22 SELL
5635 101 51 BUY
5636 99 92 SELL
5637 97 59 SELL
5638 103 78 BUY
5639 97 53 SELL
5640 92 23 SELL
5641 105 92 SELL
5642 99 37 SELL
5643 97 2 BUY
5644 107 5 SELL
5645 93 6 SELL
5646 110 13 SELL
5647 98 72 SELL
5648 90 10 BUY
5649 92 49 SELL
5650 97 50 SELL
5651 105 30 BUY
5652 94 48 BUY
5653 93 15 SELL
5654 92 15 BUY
5655 96 36 SELL
5656 103 41 SELL
5657 97 84 BUY
5658 100 97 SELL
5659 91 17 BUY
5660 92 97 SELL
5661 110 36 BUY
5662 103 25 SELL
5663 91 19 SELL
5664 94 37 SELL
5665 101 57 BUY
5666 100 25 SELL
5667 100 83 BUY
5668 107 95 BUY
5669 91 33 SELL
5670 101 6 SELL
5671 97 32 SELL
5672 94 58 SELL
5673 98 16 SELL
5674 94 63 SELL
5675 103 53 BUY
5676 99 41 BUY
5677 106 89 BUY
5678 109 23 BUY
5679 107 48 BUY
5680 102 18 SELL
5681 101 80 BUY
5682 95 17 SELL
5683 91 75 BUY
5684 90 68 SELL
5685 92 63 SELL
5686 104 95 SELL
5687 97 3 SELL
5688 96 72 SELL
5689 91 2 SELL
5690 106 8 BUY
5691 95 36 SELL
5692 103 77 SELL
5693 95 51 SELL
5694 97 80 SELL
5695 108 49 SELL
5696 98 17 SELL
5697 94 58 BUY
5698 110 5 SELL
5699 96 4 BUY
5700 95 40 BUY
5701 99 66 SELL
5702 93 16 BUY
5703 99 95 BUY
5704 104 23 BUY
5705 90 10 BUY
5706 91 12 BUY
5707 93 70 SELL
5708 90 19 SELL
5709 99 33 SELL
5710 97 13 BUY
5711 93 26 SELL
5712 94 53 BUY
5713 110 10 SELL
5714 96 26 SELL
5715 91 17 SELL
5716 100 49 BUY
5717 93 65 SELL
5718 98 19 SELL
5719 96 35 BUY
5720 92 13 BUY
5721 100 13 SELL
5722 101 70 BUY
5723 108 14 SELL
5724 106 94 BUY
5725 98 90 BUY
5726 103 54 BUY
5727 106 98 SELL
5728 91 84 SELL
5729 97 64 SELL
5730 108 92 SELL
5731 109 61 SELL
5732 107 36 SELL
5733 108 31 BUY
5734 96 45 SELL
5735 104 100 BUY
5736 92 7 SELL
5737 100 80 BUY
5738 92 88 BUY
5739 104 50 SELL
5740 109 50 BUY
5741 110 52 SELL
5742 91 82 BUY
5743 93 91 BUY
5744 97 94 BUY
5745 107 14 SELL
5746 99 17 SELL
5747 106 6 BUY
5748 110 42 BUY
5749 95 95 SELL
5750 109 52 SELL
5751 94 77 BUY
5752 97 33 SELL
5753 109 90 BUY
5754 104 13 SELL
5755 98 47 BUY
5756 97 81 BUY
5757 95 20 SELL
5758 102 13 BUY
5759 102 45 SELL
5760 96 77 BUY
5761 105 6 BUY
5762 98 40 BUY
5763 100 18 SELL
5764 101 18 SELL
5765 110 36 SELL
5766 97 72 SELL
5767 106 83 BUY
5768 101 48 SELL
5769 109 60 SELL
5770 97 67 SELL
5771 105 71 SELL
5772 94 23 BUY
5773 103 57 BUY
5774 93 63 SELL
5775 92 38 SELL
5776 96 44 BUY
5777 110 48 BUY
5778 91 55 SELL
5779 96 59 BUY
5780 108 2 BUY
5781 104 40 BUY
5782 110 48 SELL
5783 108 10 SELL
5784 99 64 BUY
5785 93 74 SELL
5786 101 85 BUY
5787 107 81 SELL
5788 95 78 BUY
5789 97 44 BUY
5790 101 23 BUY
5791 94 92 SELL
5792 108 59 BUY
5793 92 65 SELL
5794 92 79 SELL
5795 101 19 BUY
5796 93 67 BUY
5797 98 52 BUY
5798 107 50 BUY
5799 91 66 SELL
5800 107 7 BUY
5801 100 94 SELL
5802 105 45 SELL
5803 105 88 BUY
5804 90 78 BUY
5805 110 82 BUY
5806 98 37 SELL
5807 106 35 BUY
5808 90 75 SELL
5809 90 62 SELL
5810 110 4 SELL
5811 106 54 BUY
5812 90 55 BUY
5813 102 54 SELL
5814 98 61 BUY
5815 102 90 SELL
5816 102 16 BUY
5817 102 73 BUY
5818 103 95 BUY
5819 106 7 BUY
5820 98 57 SELL
5821 109 18 SELL
5822 101 31 SELL
5823 91 57 SELL
5824 101 13 SELL
5825 91 77 BUY
5826 91 20 SELL
5827 102 8 BUY
5828 92 92 BUY
5829 98 26 SELL
5830 98 22 SELL
5831 109 88 BUY
5832 100 19 BUY
5833 103 9 BUY
5834 94 49 BUY
5835 90 63 SELL
5836 91 36 BUY
5837 104 54 BUY
5838 103 2 SELL
5839 90 6 BUY
5840 100 29 BUY
5841 93 73 SELL
5842 108 44 SELL
5843 101 48 BUY
5844 103 40 BUY
5845 103 78 BUY
5846 110 1 SELL
5847 94 28 BUY
5848 110 78 SELL
5849 104 99 SELL
5850 93 97 SELL
5851 106 84 SELL
5852 97 22 BUY
5853 97 96 SELL
5854 108 62 BUY
5855 96 81 BUY
5856 106 85 BUY
5857 91 90 SELL
5858 90 6 SELL
5859 101 26 SELL
5860 90 79 BUY
5861 107 81 SELL
5862 108 77 BUY
5863 101 32 SELL
5864 100 7 SELL
5865 106 54 SELL
5866 98 83 BUY
5867 100 81 SELL
5868 102 54 BUY
5869 96 7 BUY
5870 103 92 BUY
5871 90 91 BUY
5872 98 74 BUY
5873 105 90 SELL
5874 97 85 SELL
5875 110 50 BUY
5876 92 64 BUY
5877 104 78 SELL
5878 107 71 BUY
5879 102 70 BUY
5880 100 24 BUY
5881 104 82 BUY
5882 108 27 SELL
5883 97 81 BUY
5884 101 95 BUY
5885 92 77 BUY
5886 97 9 SELL
5887 90 79 BUY
5888 91 76 BUY
5889 102 2 SELL
5890 108 37 BUY
5891 94 57 SELL
5892 94 97 BUY
5893 106 29 BUY
5894 100 37 BUY
5895 103 31 SELL
5896 109 11 SELL
5897 104 11 BUY
5898 102 13 SELL
5899 109 69 BUY
5900 91 85 SELL
5901 105 6 SELL
5902 105 20 SELL
5903 98 2 SELL
5904 97 93 BUY
5905 109 76 BUY
5906 90 1 BUY
5907 105 31 BUY
5908 100 95 BUY
5909 96 63 BUY
5910 100 5 SELL
5911 101 44 BUY
5912 94 64 SELL
5913 93 40 SELL
5914 110 52 SELL
5915 107 51 BUY
5916 110 9 BUY
5917 103 87 BUY
5918 105 18 BUY
5919 98 23 BUY
5920 90 59 SELL
5921 101 61 BUY
5922 110 35 SELL
5923 101 79 BUY
5924 108 23 SELL
5925 102 55 BUY
5926 90 53 BUY
5927 91 31 BUY
5928 96 4 BUY
5929 98 79 BUY
5930 110 76 BUY
5931 94 33 SELL
5932 105 1 SELL
5933 95 5 SELL
5934 110 94 BUY
5935 97 12 BUY
5936 91 82 SELL
5937 96 8 SELL
5938 102 20 BUY
5939 99 60 BUY
5940 91 43 BUY
5941 90 20 BUY
5942 102 92 BUY
5943 92 68 SELL
5944 103 89 BUY
5945 91 9 BUY
5946 94 27 SELL
5947 110 3 SELL
5948 106 24 BUY
5949 103 11 BUY
5950 103 35 BUY
5951 110 57 SELL
5952 91 86 BUY
5953 107 8 BUY
5954 103 5 BUY
5955 101 49 BUY
5956 108 45 BUY
5957 103 98 BUY
5958 105 90 BUY
5959 99 21 BUY
5960 92 73 BUY
5961 102 72 BUY
5962 109 48 SELL
5963 110 56 BUY
5964 106 49 SELL
5965 96 72 SELL
5966 108 38 SELL
5967 99 27 BUY
5968 97 51 SELL
5969 90 29 BUY
5970 108 74 BUY
5971 110 74 SELL
5972 92 2 BUY
5973 93 1 SELL
5974 109 85 SELL
5975 92 100 SELL
5976 104 48 BUY
5977 109 13 BUY
5978 100 92 BUY
5979 98 13 BUY
5980 109 38 SELL
5981 109 2 SELL
5982 95 61 BUY
5983 110 99 BUY
5984 106 27 SELL
5985 94 99 BUY
5986 109 61 SELL
5987 99 63 SELL
5988 104 100 BUY
5989 91 15 BUY
5990 92 28 BUY
5991 92 63 SELL
5992 94 44 SELL
5993 100 65 SELL
5994 109 85 BUY
5995 94 53 BUY
5996 100 92 BUY
5997 103 39 BUY
5998 93 72 BUY
5999 96 41 BUY
6000 91 79 BUY
6001 95 58 BUY
6002 105 52 SELL
6003 102 66 SELL
6004 110 97 BUY
6005 104 81 BUY
6006 107 21 BUY
6007 90 13 BUY
6008 94 72 BUY
6009 104 85 BUY
6010 90 69 BUY
6011 106 13 SELL
6012 91 15 BUY
6013 92 90 BUY
6014 106 84 BUY
6015 105 25 SELL
6016 95 13 SELL
6017 92 58 SELL
6018 105 74 BUY
6019 103 59 SELL
6020 110 81 SELL
6021 104 67 BUY
6022 108 84 BUY
6023 103 70 SELL
6024 101 41 BUY
6025 102 87 BUY
6026 103 55 SELL
6027 95 89 BUY
6028 110 79 SELL
6029 90 46 BUY
6030 102 33 BUY
6031 105 18 SELL
6032 103 11 BUY
6033 110 63 SELL
6034 96 90 SELL
6035 100 90 SELL
6036 94 95 SELL
6037 94 26 SELL
6038 96 46 BUY
6039 108 26 SELL
6040 99 56 SELL
6041 109 51 BUY
6042 90 76 SELL
6043 110 97 SELL
6044 106 55 BUY
6045 93 29 BUY
6046 104 48 BUY
6047 106 24 SELL
6048 99 19 BUY
6049 96 57 BUY
6050 110 97 SELL
6051 96 71 SELL
6052 90 99 BUY
6053 105 62 BUY
6054 92 31 BUY
6055 106 49 BUY
6056 93 50 BUY
6057 108 93 SELL
6058 109 62 SELL
6059 99 90 SELL
6060 98 72 SELL
6061 94 42 BUY
6062 102 71 BUY
6063 95 69 SELL
6064 91 98 SELL
6065 96 52 SELL
6066 97 67 SELL
6067 103 43 SELL
6068 91 53 BUY
6069 91 45 BUY
6070 98 41 SELL
6071 100 52 BUY
6072 91 76 SELL
6073 94 92 SELL
6074 109 44 SELL
6075 107 90 BUY
6076 93 58 BUY
6077 99 45 SELL
6078 97 25 SELL
6079 100 68 SELL
6080 90 83 SELL
6081 107 66 BUY
6082 94 34 SELL
6083 94 39 BUY
6084 97 93 SELL
6085 104 74 BUY
6086 90 83 SELL
6087 100 73 SELL
6088 107 85 SELL
6089 90 83 SELL
6090 96 53 SELL
6091 91 22 BUY
6092 100 79 BUY
6093 91 100 BUY
6094 109 52 BUY
6095 96 33 SELL
6096 92 46 BUY
6097 107 9 BUY
6098 90 14 BUY
6099 103 15 BUY
6100 104 58 BUY
6101 101 81 SELL
6102 104 41 BUY
6103 94 11 SELL
6104 95 84 BUY
6105 105 53 BUY
6106 99 61 SELL
6107 100 12 SELL
6108 96 2 BUY
6109 91 56 SELL
6110 97 93 BUY
6111 110 96 BUY
6112 107 85 BUY
6113 91 90 SELL
6114 107 5 BUY
6115 95 18 BUY
6116 92 6 BUY
6117 94 53 SELL
6118 92 30 SELL
6119 103 73 BUY
6120 105 65 SELL
6121 101 58 BUY
6122 94 24 BUY
6123 90 42 SELL
6124 91 63 SELL
6125 96 38 BUY
6126 107 99 SELL
6127 105 43 SELL
6128 107 82 BUY
6129 92 78 SELL
6130 92 97 SELL
6131 97 100 BUY
6132 94 16 SELL
6133 101 36 BUY
6134 97 23 BUY
6135 108 12 SELL
6136 105 55 SELL
6137 95 13 SELL
6138 90 49 SELL
6139 90 63 BUY
6140 98 64 SELL
6141 96 92 BUY
6142 107 94 SELL
6143 102 54 BUY
6144 105 13 BUY
6145 110 75 SELL
6146 97 9 BUY
6147 93 25 BUY
6148 94 70 BUY
6149 106 29 SELL
6150 102 72 BUY
6151 90 18 BUY
6152 104 68 SELL
6153 106 54 SELL
6154 92 13 SELL
6155 107 62 BUY
6156 94 86 BUY
6157 108 36 BUY
6158 103 54 SELL
6159 95 72 BUY
6160 105 69 SELL
6161 97 93 BUY
6162 92 44 SELL
6163 96 36 SELL
6164 98 4 SELL
6165 105 75 BUY
6166 92 60 SELL
6167 97 60 SELL
6168 102 93 BUY
6169 107 55 SELL
6170 91 59 BUY
6171 102 22 BUY
6172 104 83 SELL
6173 92 40 BUY
6174 98 45 BUY
6175 94 64 BUY
6176 100 71 SELL
6177 100 27 SELL
6178 98 7 SELL
6179 98 80 SELL
6180 92 28 BUY
6181 93 68 SELL
6182 97 23 BUY
6183 99 59 SELL
6184 92 30 SELL
6185 95 100 SELL
6186 106 78 SELL
6187 105 5 SELL
6188 93 14 SELL
6189 100 60 SELL
6190 109 16 BUY
6191 95 54 SELL
6192 105 15 SELL
6193 96 93 SELL
6194 94 23 BUY
6195 105 62 SELL
6196 105 35 BUY
6197 92 1 SELL
6198 95 25 BUY
6199 105 46 SELL
6200 96 22 SELL
6201 110 9 BUY
6202 98 31 BUY
6203 93 71 BUY
6204 93 20 SELL
6205 108 22 BUY
6206 98 94 BUY
6207 90 53 BUY
6208 95 29 BUY
6209 101 29 SELL
6210 93 84 SELL
6211 91 73 SELL
6212 102 12 SELL
6213 105 78 SELL
6214 94 29 BUY
6215 110 43 SELL
6216 92 71 BUY
6217 96 89 BUY
6218 99 54 SELL
6219 100 79 SELL
6220 107 75 SELL
6221 101 59 SELL
6222 102 35 BUY
6223 104 17 SELL
6224 92 50 BUY
6225 108 8 BUY
6226 107 52 BUY
6227 97 16 BUY
6228 107 53 SELL
6229 95 34 SELL
6230 95 60 BUY
6231 93 50 BUY
6232 107 62 BUY
6233 100 32 BUY
6234 96 28 BUY
6235 97 75 SELL
6236 98 41 SELL
6237 109 71 BUY
6238 107 22 BUY
6239 97 70 SELL
6240 90 48 SELL
6241 108 90 BUY
6242 91 66 SELL
6243 91 43 BUY
6244 101 45 BUY
6245 105 5 BUY
6246 98 65 BUY
6247 104 44 BUY
6248 108 82 BUY
6249 95 35 SELL
6250 94 77 BUY
6251 104 88 BUY
6252 110 76 SELL
6253 105 25 SELL
6254 105 50 SELL
6255 107 5 SELL
6256 92 45 BUY
6257 92 75 SELL
6258 95 61 BUY
6259 96 3 BUY
6260 100 87 SELL
6261 107 72 BUY
6262 103 59 SELL
6263 105 62 SELL
6264 97 7 BUY
6265 110 78 BUY
6266 103 49 SELL
6267 105 8 SELL
6268 97 29 SELL
6269 110 31 SELL
6270 92 86 BUY
6271 105 41 SELL
6272 103 39 BUY
6273 106 96 SELL
6274 98 2 SELL
6275 103 54 BUY
6276 100 60 BUY
6277 92 31 SELL
6278 94 64 SELL
6279 103 40 SELL
6280 101 96 BUY
6281 91 5 SELL
6282 108 10 SELL
6283 110 34 BUY
6284 109 54 SELL
6285 101 19 SELL
6286 99 84 BUY
6287 107 42 BUY
6288 106 23 BUY
6289 95 83 SELL
6290 109 28 BUY
6291 108 46 BUY
6292 92 7 SELL
6293 93 74 BUY
6294 103 56 BUY
6295 92 63 BUY
6296 96 72 SELL
6297 106 83 BUY
6298 97 55 BUY
6299 94 16 BUY
6300 96 49 SELL
6301 105 87 BUY
6302 92 73 BUY
6303 91 47 SELL
6304 96 2 BUY
6305 93 93 BUY
6306 94 21 SELL
6307 107 49 SELL
6308 94 60 SELL
6309 99 64 SELL
6310 91 58 SELL
6311 100 31 SELL
6312 108 45 BUY
6313 108 3 BUY
6314 99 96 SELL
6315 102 73 BUY
6316 101 8 BUY
6317 109 32 SELL
6318 99 38 BUY
6319 106 100 SELL
6320 93 48 BUY
6321 100 66 SELL
6322 100 46 SELL
6323 97 46 SELL
6324 90 40 SELL
6325 93 83 SELL
6326 107 40 SELL
6327 94 82 BUY
6328 96 40 BUY
6329 93 72 SELL
6330 90 92 SELL
6331 92 98 BUY
6332 95 80 SELL
6333 97 61 BUY
6334 100 89 BUY
6335 109 16 BUY
6336 104 35 SELL
6337 90 66 BUY
6338 105 11 BUY
6339 106 75 SELL
6340 106 79 BUY
6341 105 76 BUY
6342 109 99 SELL
6343 94 94 SELL
6344 98 14 SELL
6345 106 3 BUY
6346 91 89 BUY
6347 104 77 BUY
6348 101 1 BUY
6349 109 99 BUY
6350 104 70 SELL
6351 107 15 BUY
6352 108 97 BUY
6353 95 63 SELL
6354 94 5 BUY
6355 105 19 BUY
6356 108 83 SELL
6357 99 40 SELL
6358 102 23 SELL
6359 101 25 SELL
6360 97 63 BUY
6361 110 86 BUY
6362 104 87 SELL
6363 100 1 SELL
6364 104 89 SELL
6365 105 38 SELL
6366 97 15 SELL
6367 96 7 BUY
6368 100 75 BUY
6369 103 33 BUY
6370 100 56 SELL
6371 106 21 BUY
6372 91 57 SELL
6373 99 9 SELL
6374 107 74 SELL
6375 104 14 BUY
6376 102 31 SELL
6377 104 16 SELL
6378 101 47 BUY
6379 105 70 BUY
6380 90 89 SELL
6381 91 20 BUY
6382 104 81 BUY
6383 102 70 BUY
6384 90 95 SELL
6385 93 66 SELL
6386 99 47 SELL
6387 92 26 BUY
6388 96 88 BUY
6389 101 9 BUY
6390 97 65 BUY
6391 110 17 SELL
6392 98 100 SELL
6393 95 56 BUY
6394 109 82 SELL
6395 91 69 BUY
6396 97 54 BUY
6397 109 5 SELL
6398 94 27 SELL
6399 101 47 SELL
6400 101 97 SELL
6401 106 33 BUY
6402 105 27 SELL
6403 102 35 SELL
6404 105 69 BUY
6405 110 99 BUY
6406 110 41 SELL
6407 95 27 SELL
6408 99 75 SELL
6409 91 27 SELL
6410 107 10 BUY
6411 104 54 BUY
6412 104 88 SELL
6413 98 39 SELL
6414 97 28 BUY
6415 100 3 BUY
6416 108 79 BUY
6417 109 52 BUY
6418 105 51 BUY
6419 100 62 SELL
6420 103 95 BUY
6421 99 66 SELL
6422 108 42 BUY
6423 95 72 BUY
6424 109 63 BUY
6425 101 100 BUY
6426 96 99 BUY
6427 99 70 BUY
6428 106 16 BUY
6429 100 63 SELL
6430 94 58 BUY
6431 95 1 SELL
6432 99 73 BUY
6433 99 99 BUY
6434 107 19 BUY
6435 97 49 BUY
6436 109 39 BUY
6437 100 82 SELL
6438 97 55 BUY
6439 105 80 SELL
6440 103 89 BUY
6441 109 37 SELL
6442 94 35 SELL
6443 95 66 SELL
6444 96 71 BUY
6445 104 30 BUY
6446 107 93 SELL
6447 100 90 BUY
6448 104 26 BUY
6449 107 49 SELL
6450 100 74 SELL
6451 96 43 BUY
6452 99 25 BUY
6453 107 62 SELL
6454 104 24 SELL
6455 108 75 BUY
6456 109 18 BUY
6457 110 100 BUY
6458 98 93 SELL
6459 110 12 SELL
6460 91 69 SELL
6461 91 72 SELL
6462 110 74 BUY
6463 92 47 SELL
6464 92 41 BUY
6465 102 72 SELL
6466 110 91 BUY
6467 91 85 SELL
6468 95 91 SELL
6469 108 11 SELL
6470 104 24 SELL
6471 93 71 BUY
6472 92 36 SELL
6473 108 58 SELL
6474 102 1 SELL
6475 98 87 BUY
6476 90 98 BUY
6477 93 22 BUY
6478 96 55 BUY
6479 90 72 BUY
6480 90 24 BUY
6481 110 81 BUY
6482 110 41 BUY
6483 99 78 SELL
6484 94 99 SELL
6485 110 33 SELL
6486 99 6 SELL
6487 105 32 BUY
6488 98 13 BUY
6489 90 93 SELL
6490 95 33 BUY
6491 97 51 BUY
6492 93 68 SELL
6493 104 11 BUY
6494 110 28 BUY
6495 92 58 SELL
6496 104 24 BUY
6497 104 13 SELL
6498 91 17 SELL
6499 90 21 BUY
6500 99 39 BUY
6501 90 48 BUY
6502 104 65 SELL
6503 101 30 BUY
6504 101 48 SELL
6505 90 75 BUY
6506 98 45 SELL
6507 106 61 BUY
6508 94 42 BUY
6509 108 44 BUY
6510 108 90 BUY
6511 94 2 SELL
6512 106 64 SELL
6513 98 66 BUY
6514 100 35 SELL
6515 93 71 SELL
6516 97 10 BUY
6517 97 58 BUY
6518 109 45 SELL
6519 96 83 SELL
6520 104 18 BUY
6521 90 32 SELL
6522 107 25 BUY
6523 91 16 SELL
6524 100 66 BUY
6525 110 4 BUY
6526 100 89 BUY
6527 104 94 SELL
6528 95 35 SELL
6529 93 76 SELL
6530 99 89 BUY
6531 101 65 BUY
6532 97 50 BUY
6533 102 8 SELL
6534 103 73 SELL
6535 94 40 BUY
6536 90 82 BUY
6537 102 100 BUY
6538 103 50 BUY
6539 93 25 BUY
6540 92 70 BUY
6541 97 24 BUY
6542 109 38 SELL
6543 102 78 SELL
6544 107 57 SELL
6545 106 63 BUY
6546 103 65 SELL
6547 105 25 BUY
6548 97 52 SELL
6549 98 90 BUY
6550 109 69 SELL
6551 104 63 BUY
6552 104 3 SELL
6553 101 62 BUY
6554 96 6 SELL
6555 97 49 SELL
6556 104 98 SELL
6557 104 41 SELL
6558 109 77 BUY
6559 105 35 SELL
6560 92 99 SELL
6561 101 53 BUY
6562 103 66 BUY
6563 101 83 SELL
6564 109 66 BUY
6565 96 37 BUY
6566 106 87 SELL
6567 99 44 BUY
6568 106 11 BUY
6569 98 34 BUY
6570 95 93 BUY
6571 100 57 BUY
6572 96 98 BUY
6573 102 4 BUY
6574 90 52 SELL
6575 92 4 BUY
6576 107 68 BUY
6577 104 62 SELL
6578 96 60 SELL
6579 92 67 SELL
6580 100 70 SELL
6581 93 39 BUY
6582 109 40 SELL
6583 96 76 BUY
6584 106 59 SELL
6585 101 42 BUY
6586 110 26 BUY
6587 103 60 SELL
6588 98 35 BUY
6589 109 77 BUY
6590 108 70 BUY
6591 95 66 BUY
6592 103 68 BUY
6593 103 38 SELL
6594 102 14 SELL
6595 99 61 BUY
6596 101 69 BUY
6597 101 22 SELL
6598 108 17 SELL
6599 99 11 SELL
6600 100 94 SELL
6601 95 6 BUY
6602 92 9 SELL
6603 96 94 BUY
6604 101 66 SELL
6605 103 31 SELL
6606 106 88 SELL
6607 103 6 SELL
6608 91 100 SELL
6609 92 27 SELL
6610 107 5 BUY
6611 108 54 SELL
6612 96 14 SELL
6613 90 24 SELL
6614 94 11 BUY
6615 101 37 BUY
6616 104 40 SELL
6617 95 100 BUY
6618 91 78 BUY
6619 98 7 BUY
6620 91 15 BUY
6621 107 21 BUY
6622 110 92 SELL
6623 91 49 SELL
6624 105 75 SELL
6625 99 89 BUY
6626 103 50 SELL
6627 104 26 BUY
6628 93 88 SELL
6629 109 54 SELL
6630 96 36 BUY
6631 107 77 BUY
6632 105 84 SELL
6633 90 69 SELL
6634 107 72 BUY
6635 106 60 BUY
6636 99 65 SELL
6637 100 76 BUY
6638 102 46 SELL
6639 103 77 SELL
6640 105 45 BUY
6641 101 58 BUY
6642 93 64 BUY
6643 102 82 BUY
6644 90 83 SELL
6645 102 82 BUY
6646 104 10 SELL
6647 91 64 BUY
6648 108 42 SELL
6649 93 73 BUY
6650 93 16 BUY
6651 91 85 SELL
6652 98 52 SELL
6653 93 9 BUY
6654 96 55 SELL
6655 104 17 BUY
6656 100 83 SELL
6657 97 54 BUY
6658 109 7 SELL
6659 94 30 BUY
6660 94 76 SELL
6661 92 32 BUY
6662 102 75 SELL
6663 103 39 SELL
6664 110 94 SELL
6665 97 10 SELL
6666 102 50 SELL
6667 90 80 BUY
6668 94 74 SELL
6669 99 29 BUY
6670 99 23 BUY
6671 105 51 SELL
6672 108 70 SELL
6673 109 97 BUY
6674 101 12 SELL
6675 99 50 BUY
6676 98 40 SELL
6677 110 47 BUY
6678 94 83 SELL
6679 107 41 BUY
6680 108 40 BUY
6681 105 1 BUY
6682 93 60 SELL
6683 102 65 SELL
6684 110 27 BUY
6685 104 100 SELL
6686 96 53 BUY
6687 95 20 SELL
6688 105 53 SELL
6689 103 11 SELL
6690 92 23 SELL
6691 96 66 SELL
6692 92 22 SELL
6693 92 65 SELL
6694 92 35 SELL
6695 104 23 BUY
6696 93 92 SELL
6697 92 42 BUY
6698 101 4 BUY
6699 97 52 BUY
6700 92 66 BUY
6701 93 20 SELL
6702 94 64 BUY
6703 91 68 SELL
6704 104 79 SELL
6705 100 56 SELL
6706 107 5 BUY
6707 92 61 SELL
6708 96 73 SELL
6709 100 25 BUY
6710 100 57 BUY
6711 90 59 SELL
6712 105 37 SELL
6713 108 46 BUY
6714 110 2 BUY
6715 105 83 SELL
6716 90 89 BUY
6717 107 71 BUY
6718 98 2 BUY
6719 99 32 SELL
6720 102 73 SELL
6721 104 46 SELL
6722 94 68 BUY
6723 109 61 SELL
6724 94 93 SELL
6725 110 98 SELL
6726 105 51 SELL
6727 106 42 BUY
6728 91 64 SELL
6729 92 74 BUY
6730 96 18 BUY
6731 103 18 SELL
6732 98 93 SELL
6733 101 8 SELL
6734 94 80 BUY
6735 90 37 SELL
6736 99 85 SELL
6737 91 81 BUY
6738 93 33 BUY
6739 109 65 SELL
6740 108 3 BUY
6741 97 53 SELL
6742 99 27 SELL
6743 103 9 BUY
6744 110 49 BUY
6745 91 95 BUY
6746 109 35 BUY
6747 92 57 BUY
6748 105 30 BUY
6749 92 9 BUY
6750 101 24 BUY
6751 102 3 SELL
6752 90 40 SELL
6753 107 2 BUY
6754 90 2 BUY
6755 105 31 BUY
6756 108 40 SELL
6757 91 79 SELL
6758 91 40 BUY
6759 109 39 BUY
6760 103 97 SELL
6761 104 35 BUY
6762 103 22 SELL
6763 104 98 SELL
6764 100 75 BUY
6765 91 84 BUY
6766 99 9 BUY
6767 90 86 BUY
6768 104 43 SELL
6769 102 16 SELL
6770 103 70 SELL
6771 98 54 SELL
6772 100 25 BUY
6773 91 57 SELL
6774 106 64 BUY
6775 101 40 SELL
6776 98 85 BUY
6777 94 85 SELL
6778 110 96 BUY
6779 100 48 SELL
6780 104 48 BUY
6781 93 71 SELL
6782 98 21 SELL
6783 98 40 BUY
6784 109 26 SELL
6785 90 32 BUY
6786 94 88 SELL
6787 98 87 SELL
6788 101 5 SELL
6789 101 31 BUY
6790 92 57 SELL
6791 93 77 SELL
6792 91 27 SELL
6793 101 82 BUY
6794 92 86 SELL
6795 96 18 BUY
6796 91 61 BUY
6797 108 73 BUY
6798 105 42 BUY
6799 91 11 BUY
6800 100 47 SELL
6801 101 72 SELL
6802 100 87 SELL
6803 109 19 BUY
6804 106 25 SELL
6805 109 68 BUY
6806 102 87 SELL
6807 99 72 SELL
6808 100 6 BUY
6809 105 89 BUY
6810 100 64 BUY
6811 101 82 BUY
6812 90 13 BUY
6813 93 78 BUY
6814 100 68 BUY
6815 105 59 SELL
6816 108 82 SELL
6817 92 30 BUY
6818 107 35 SELL
6819 95 55 SELL
6820 92 24 BUY
6821 95 93 SELL
6822 110 44 BUY
6823 93 2 SELL
6824 95 100 BUY
6825 97 24 BUY
6826 103 43 BUY
6827 91 16 SELL
6828 104 69 SELL
6829 90 41 BUY
6830 94 96 SELL
6831 101 79 SELL
6832 101 14 BUY
6833 105 35 SELL
6834 107 64 SELL
6835 104 77 BUY
6836 92 37 BUY
6837 104 34 BUY
6838 107 92 BUY
6839 91 64 BUY
6840 108 41 SELL
6841 110 34 SELL
6842 104 29 BUY
6843 92 38 BUY
6844 94 87 SELL
6845 101 46 SELL
6846 107 25 SELL
6847 108 55 SELL
6848 108 15 BUY
6849 99 93 SELL
6850 110 43 SELL
6851 98 40 SELL
6852 110 25 SELL
6853 101 44 SELL
6854 97 46 SELL
6855 97 84 BUY
6856 91 80 BUY
6857 90 28 BUY
6858 93 41 SELL
6859 97 41 SELL
6860 97 66 BUY
6861 99 63 SELL
6862 90 13 SELL
6863 102 25 BUY
6864 90 38 BUY
6865 107 15 SELL
6866 108 83 BUY
6867 94 30 SELL
6868 99 91 SELL
6869 96 8 BUY
6870 109 44 SELL
6871 90 40 SELL
6872 101 29 SELL
6873 93 96 BUY
6874 108 21 SELL
6875 110 48 SELL
6876 106 72 SELL
6877 96 15 SELL
6878 95 35 SELL
6879 101 45 BUY
6880 102 43 SELL
6881 97 19 SELL
6882 110 65 SELL
6883 104 8 BUY
6884 104 87 SELL
6885 100 53 BUY
6886 97 87 SELL
6887 94 74 BUY
6888 91 88 BUY
6889 95 21 BUY
6890 105 67 SELL
6891 91 38 SELL
6892 97 48 SELL
6893 104 62 BUY
6894 101 4 SELL
6895 110 64 SELL
6896 103 3 SELL
6897 102 59 BUY
6898 106 11 SELL
6899 105 99 BUY
6900 106 32 BUY
6901 100 4 SELL
6902 93 3 BUY
6903 92 61 BUY
6904 100 74 SELL
6905 95 62 BUY
6906 93 24 BUY
6907 90 84 SELL
6908 91 55 SELL
6909 101 25 SELL
6910 90 89 BUY
6911 109 90 SELL
6912 102 98 SELL
6913 108 78 BUY
6914 100 89 SELL
6915 90 68 SELL
6916 108 17 BUY
6917 98 25 SELL
6918 105 17 BUY
6919 108 29 BUY
6920 91 33 BUY
6921 90 99 SELL
6922 102 12 BUY
6923 96 20 BUY
6924 100 87 BUY
6925 108 18 SELL
6926 93 24 SELL
6927 110 10 SELL
6928 107 87 BUY
6929 102 13 BUY
6930 108 38 SELL
6931 99 98 SELL
6932 104 44 SELL
6933 108 81 BUY
6934 106 70 BUY
6935 92 36 BUY
6936 90 42 SELL
6937 103 10 BUY
6938 108 75 BUY
6939 108 45 BUY
6940 93 90 SELL
6941 102 4 SELL
6942 91 22 BUY
6943 90 95 BUY
6944 96 100 SELL
6945 99 77 BUY
6946 94 94 SELL
6947 100 70 BUY
6948 106 77 SELL
6949 104 85 SELL
6950 110 73 BUY
6951 106 22 SELL
6952 110 34 SELL
6953 92 70 SELL
6954 100 51 SELL
6955 100 17 SELL
6956 109 85 BUY
6957 106 78 SELL
6958 92 57 BUY
6959 106 60 BUY
6960 94 47 BUY
6961 95 60 SELL
6962 99 95 BUY
6963 98 97 SELL
6964 106 48 BUY
6965 102 67 BUY
6966 105 44 SELL
6967 93 20 BUY
6968 104 5 SELL
6969 109 77 BUY
6970 106 80 SELL
6971 98 56 BUY
6972 97 7 BUY
6973 102 3 BUY
6974 90 94 BUY
6975 91 25 BUY
6976 91 27 SELL
6977 91 41 BUY
6978 103 89 SELL
6979 98 47 SELL
6980 90 99 SELL
6981 96 69 BUY
6982 92 78 BUY
6983 97 12 BUY
6984 110 39 SELL
6985 101 62 SELL
6986 101 49 SELL
6987 102 86 BUY
6988 100 97 BUY
6989 98 43 SELL
6990 108 35 SELL
6991 91 21 BUY
6992 94 10 SELL
6993 101 50 BUY
6994 101 85 BUY
6995 107 13 SELL
6996 90 54 BUY
6997 105 1 SELL
6998 91 75 SELL
6999 104 32 SELL
7000 99 1 SELL
7001 90 64 SELL
7002 107 74 SELL
7003 92 91 BUY
7004 99 15 BUY
7005 107 42 SELL
7006 96 48 BUY
7007 106 8 BUY
7008 97 18 SELL
7009 101 63 BUY
7010 105 92 BUY
7011 109 53 BUY
7012 98 66 SELL
7013 96 13 SELL
7014 106 52 SELL
7015 110 25 BUY
7016 97 94 BUY
7017 94 7 SELL
7018 96 53 SELL
7019 110 28 SELL
7020 104 74 BUY
7021 91 78 SELL
7022 99 11 BUY
7023 105 35 BUY
7024 104 47 SELL
7025 102 84 BUY
7026 97 10 SELL
7027 107 78 BUY
7028 107 41 BUY
7029 95 20 BUY
7030 108 52 SELL
7031 91 37 BUY
7032 104 89 BUY
7033 101 83 BUY
7034 107 8 SELL
7035 106 82 BUY
7036 96 47 BUY
7037 102 2 SELL
7038 95 3 SELL
7039 103 22 SELL
7040 92 19 BUY
7041 100 88 BUY
7042 101 30 SELL
7043 105 66 SELL
7044 97 5 BUY
7045 91 54 SELL
7046 107 32 BUY
7047 109 86 SELL
7048 101 26 SELL
7049 108 53 SELL
7050 109 93 SELL
7051 95 25 BUY
7052 109 26 SELL
7053 96 5 BUY
7054 91 48 SELL
7055 110 3 BUY
7056 96 52 SELL
7057 101 57 SELL
7058 98 47 BUY
7059 101 11 BUY
7060 96 20 SELL
7061 99 26 SELL
7062 90 68 BUY
7063 102 83 BUY
7064 103 53 BUY
7065 90 89 BUY
7066 97 24 SELL
7067 90 54 SELL
7068 101 83 SELL
7069 93 61 BUY
7070 97 15 SELL
7071 94 61 BUY
7072 92 36 SELL
7073 101 23 SELL
7074 96 37 SELL
7075 98 86 SELL
7076 92 71 SELL
7077 91 76 BUY
7078 93 89 BUY
7079 109 33 BUY
7080 93 64 BUY
7081 108 73 SELL
7082 93 38 BUY
7083 90 32 BUY
7084 99 62 SELL
7085 102 76 BUY
7086 96 76 SELL
7087 108 17 BUY
7088 105 3 BUY
7089 97 84 SELL
7090 90 20 BUY
7091 110 81 BUY
7092 105 44 BUY
7093 94 77 SELL
7094 90 66 BUY
7095 101 10 SELL
7096 110 49 BUY
7097 98 8 BUY
7098 109 90 BUY
7099 92 79 SELL
7100 110 86 BUY
7101 106 77 BUY
7102 105 62 BUY
7103 106 78 BUY
7104 101 1 SELL
7105 92 67 BUY
7106 108 14 SELL
7107 90 11 BUY
7108 98 91 SELL
7109 93 37 SELL
7110 95 86 BUY
7111 108 53 SELL
7112 106 62 BUY
7113 93 100 SELL
7114 109 100 BUY
7115 102 25 BUY
7116 103 48 SELL
7117 95 50 BUY
7118 100 45 BUY
7119 90 37 BUY
7120 90 60 SELL
7121 100 33 SELL
7122 97 85 BUY
7123 95 63 SELL
7124 100 92 SELL
7125 109 88 SELL
7126 93 12 BUY
7127 90 66 SELL
7128 108 3 BUY
7129 101 18 BUY
7130 96 41 SELL
7131 107 60 SELL
7132 91 48 BUY
7133 104 70 BUY
7134 96 3 SELL
7135 101 53 BUY
7136 98 81 BUY
7137 106 52 SELL
7138 99 82 SELL
7139 108 7 SELL
7140 92 17 SELL
7141 100 47 BUY
7142 105 99 SELL
7143 101 37 BUY
7144 110 8 BUY
7145 92 17 BUY
7146 99 82 BUY
7147 98 56 BUY
7148 96 88 SELL
7149 104 69 SELL
7150 100 93 SELL
7151 102 65 BUY
7152 103 19 BUY
7153 106 95 BUY
7154 95 4 SELL
7155 103 88 SELL
7156 105 86 SELL
7157 104 63 BUY
7158 100 30 SELL
7159 109 95 BUY
7160 103 71 BUY
7161 102 6 BUY
7162 108 3 SELL
7163 95 65 SELL
7164 102 61 BUY
7165 90 42 SELL
7166 90 63 SELL
7167 91 56 SELL
7168 105 22 BUY
7169 96 44 SELL
7170 107 82 SELL
7171 96 52 SELL
7172 91 51 SELL
7173 106 79 BUY
7174 110 22 BUY
7175 102 37 SELL
7176 103 44 SELL
7177 103 19 SELL
7178 104 75 BUY
7179 98 99 SELL
7180 92 6 SELL
7181 96 94 BUY
7182 102 74 BUY
7183 100 69 BUY
7184 103 25 BUY
7185 95 94 BUY
7186 91 67 SELL
7187 102 80 BUY
7188 100 97 BUY
7189 97 98 BUY
7190 92 78 BUY
7191 93 59 SELL
7192 94 48 BUY
7193 90 46 BUY
7194 107 74 BUY
7195 93 88 BUY
7196 109 34 BUY
7197 94 22 SELL
7198 90 62 SELL
7199 106 73 BUY
7200 91 1 SELL
7201 99 76 BUY
7202 93 1 SELL
7203 97 78 BUY
7204 102 34 SELL
7205 90 94 BUY
7206 91 43 BUY
7207 97 75 SELL
7208 99 61 BUY
7209 91 75 BUY
7210 100 68 BUY
7211 103 45 SELL
7212 108 99 SELL
7213 102 7 SELL
7214 97 37 BUY
7215 104 66 BUY
7216 106 86 BUY
7217 103 17 BUY
7218 106 37 BUY
7219 102 94 BUY
7220 102 90 BUY
7221 104 50 BUY
7222 90 35 SELL
7223 104 42 SELL
7224 106 18 BUY
7225 92 86 SELL
7226 100 32 BUY
7227 93 94 BUY
7228 92 93 BUY
7229 95 90 BUY
7230 99 62 SELL
7231 102 5 BUY
7232 92 49 SELL
7233 109 42 BUY
7234 99 15 SELL
7235 94 52 BUY
7236 92 47 SELL
7237 97 94 BUY
7238 109 67 BUY
7239 97 26 BUY
7240 105 49 SELL
7241 99 53 SELL
7242 92 85 SELL
7243 99 96 SELL
7244 93 40 SELL
7245 100 59 BUY
7246 90 68 BUY
7247 100 54 SELL
7248 99 33 SELL
7249 99 40 BUY
7250 93 21 BUY
7251 93 17 BUY
7252 110 26 BUY
7253 104 86 SELL
7254 107 90 SELL
7255 94 52 SELL
7256 109 12 BUY
7257 95 97 BUY
7258 97 57 BUY
7259 98 84 SELL
7260 99 66 SELL
7261 107 18 SELL
7262 96 96 SELL
7263 104 47 BUY
7264 110 17 BUY
7265 101 68 SELL
7266 99 55 BUY
7267 110 24 BUY
7268 96 72 SELL
7269 95 65 BUY
7270 93 28 SELL
7271 105 9 SELL
7272 99 65 BUY
7273 95 80 BUY
7274 102 96 BUY
7275 105 57 SELL
7276 108 73 SELL
7277 92 59 BUY
7278 108 26 SELL
7279 101 4 SELL
7280 98 86 BUY
7281 106 42 BUY
7282 102 90 SELL
7283 110 55 BUY
7284 100 79 SELL
7285 110 46 SELL
7286 102 61 SELL
7287 93 37 SELL
7288 107 20 BUY
7289 109 70 BUY
7290 107 18 SELL
7291 106 82 BUY
7292 103 30 BUY
7293 103 7 BUY
7294 96 61 BUY
7295 104 10 BUY
7296 92 71 BUY
7297 109 48 BUY
7298 93 62 BUY
7299 90 42 SELL
7300 104 98 SELL
7301 91 59 BUY
7302 91 36 SELL
7303 108 46 SELL
7304 107 16 BUY
7305 95 93 SELL
7306 91 37 SELL
7307 107 68 BUY
7308 108 48 BUY
7309 105 51 SELL
7310 90 84 BUY
7311 93 32 BUY
7312 103 37 SELL
7313 95 91 BUY
7314 105 46 SELL
7315 103 36 SELL
7316 90 1 SELL
7317 96 55 BUY
7318 102 85 BUY
7319 102 11 BUY
7320 98 54 BUY
7321 102 85 SELL
7322 108 83 SELL
7323 110 31 BUY
7324 98 83 SELL
7325 101 54 BUY
7326 106 51 SELL
7327 98 99 SELL
7328 92 93 SELL
7329 93 48 SELL
7330 99 3 BUY
7331 102 61 BUY
7332 103 28 SELL
7333 101 94 SELL
7334 96 100 SELL
7335 101 14 SELL
7336 100 84 SELL
7337 95 41 SELL
7338 100 8 SELL
7339 110 82 BUY
7340 100 12 SELL
7341 110 86 SELL
7342 101 83 BUY
7343 108 92 SELL
7344 90 3 SELL
7345 106 66 BUY
7346 105 63 SELL
7347 107 47 SELL
7348 97 20 SELL
7349 106 22 BUY
7350 104 59 SELL
7351 98 40 BUY
7352 100 98 BUY
7353 107 67 BUY
7354 93 82 BUY
7355 93 24 SELL
7356 91 95 SELL
7357 106 1 SELL
7358 102 36 BUY
7359 99 96 SELL
7360 103 29 SELL
7361 98 37 SELL
7362 96 85 BUY
7363 108 99 SELL
7364 102 72 BUY
7365 107 57 SELL
7366 108 66 SELL
7367 98 34 SELL
7368 99 50 BUY
7369 98 77 SELL
7370 96 40 BUY
7371 99 6 BUY
7372 109 56 BUY
7373 91 77 BUY
7374 106 59 BUY
7375 91 54 BUY
7376 102 83 SELL
7377 110 55 BUY
7378 90 16 BUY
7379 110 38 BUY
7380 101 94 BUY
7381 97 41 SELL
7382 106 71 SELL
7383 94 29 SELL
7384 97 87 SELL
7385 97 24 SELL
7386 97 17 SELL
7387 96 6 SELL
7388 92 97 BUY
7389 90 23 BUY
7390 103 81 SELL
7391 99 51 SELL
7392 105 22 SELL
7393 107 25 SELL
7394 99 62 SELL
7395 91 6 SELL
7396 103 11 SELL
7397 107 44 BUY
7398 92 89 BUY
7399 104 96 SELL
7400 110 41 SELL
7401 92 69 BUY
7402 105 84 SELL
7403 99 42 SELL
7404 96 71 BUY
7405 95 29 SELL
7406 96 23 BUY
7407 108 85 SELL
7408 109 71 SELL
7409 101 95 BUY
7410 101 95 BUY
7411 97 64 BUY
7412 99 94 SELL
7413 100 55 BUY
7414 102 75 BUY
7415 92 93 SELL
7416 95 84 SELL
7417 95 12 SELL
7418 100 87 SELL
7419 110 56 SELL
7420 104 38 SELL
7421 94 17 BUY
7422 107 45 SELL
7423 97 93 SELL
7424 96 35 BUY
7425 94 83 BUY
7426 91 94 BUY
7427 99 80 SELL
7428 95 30 SELL
7429 98 38 BUY
7430 101 93 SELL
7431 103 41 BUY
7432 104 54 BUY
7433 96 62 BUY
7434 107 6 BUY
7435 103 9 BUY
7436 108 51 BUY
7437 106 2 SELL
7438 92 51 BUY
7439 108 67 SELL
7440 100 96 BUY
7441 102 33 BUY
7442 97 93 SELL
7443 95 16 BUY
7444 104 8 BUY
7445 98 97 BUY
7446 96 22 SELL
7447 103 19 BUY
7448 103 51 BUY
7449 105 57 BUY
7450 105 92 BUY
7451 100 44 BUY
7452 94 30 BUY
7453 99 46 SELL
7454 103 84 SELL
7455 90 31 SELL
7456 104 21 BUY
7457 103 50 BUY
7458 100 95 BUY
7459 91 40 SELL
7460 90 70 BUY
7461 107 31 SELL
7462 109 14 BUY
7463 93 20 SELL
7464 103 63 BUY
7465 97 100 SELL
7466 107 88 SELL
7467 107 80 BUY
7468 94 79 BUY
7469 92 87 SELL
7470 93 17 SELL
7471 110 69 SELL
7472 92 75 BUY
7473 105 32 SELL
7474 93 3 BUY
7475 106 98 SELL
7476 94 11 BUY
7477 105 65 BUY
7478 107 80 BUY
7479 93 57 BUY
7480 97 5 BUY
7481 91 15 BUY
7482 109 34 SELL
7483 109 39 BUY
7484 102 27 BUY
7485 98 81 BUY
7486 101 85 BUY
7487 97 9 BUY
7488 103 4 SELL
7489 108 12 SELL
7490 108 27 SELL
7491 107 67 SELL
7492 97 66 BUY
7493 97 85 BUY
7494 108 47 BUY
7495 100 16 SELL
7496 105 42 SELL
7497 92 64 SELL
7498 104 63 SELL
7499 100 20 BUY
7500 103 21 BUY
7501 93 31 BUY
7502 109 22 SELL
7503 92 67 SELL
7504 97 51 SELL
7505 102 76 BUY
7506 104 90 SELL
7507 109 5 SELL
7508 108 88 SELL
7509 96 18 BUY
7510 94 52 BUY
7511 92 98 SELL
7512 106 69 BUY
7513 96 50 BUY
7514 98 80 SELL
7515 101 85 BUY
7516 96 100 SELL
7517 90 59 SELL
7518 109 69 BUY
7519 103 38 BUY
7520 92 77 SELL
7521 108 64 BUY
7522 108 65 BUY
7523 98 97 BUY
7524 100 44 SELL
7525 95 4 SELL
7526 110 41 SELL
7527 96 100 SELL
7528 98 43 SELL
7529 109 34 BUY
7530 92 42 BUY
7531 104 89 SELL
7532 104 57 SELL
7533 90 19 SELL
7534 104 42 BUY
7535 90 75 SELL
7536 99 99 BUY
7537 105 2 SELL
7538 104 36 SELL
7539 91 93 BUY
7540 91 90 BUY
7541 108 27 BUY
7542 100 4 SELL
7543 104 41 SELL
7544 105 89 BUY
7545 109 74 SELL
7546 103 36 SELL
7547 94 72 BUY
7548 100 42 SELL
7549 98 16 BUY
7550 103 81 SELL
7551 93 67 SELL
7552 105 87 BUY
7553 99 7 SELL
7554 98 73 SELL
7555 92 82 BUY
7556 107 84 SELL
7557 98 24 BUY
7558 90 1 BUY
7559 94 5 SELL
7560 103 22 SELL
7561 98 45 SELL
7562 93 11 BUY
7563 102 27 BUY
7564 102 13 BUY
7565 107 10 SELL
7566 94 43 BUY
7567 94 64 SELL
7568 98 72 SELL
7569 101 56 BUY
7570 100 60 SELL
7571 95 74 BUY
7572 105 75 BUY
7573 94 18 BUY
7574 99 93 SELL
7575 92 90 BUY
7576 91 32 BUY
7577 90 5 SELL
7578 106 32 SELL
7579 92 8 BUY
7580 93 46 BUY
7581 103 28 SELL
7582 99 72 SELL
7583 100 63 BUY
7584 93 9 BUY
7585 100 81 BUY
7586 107 12 SELL
7587 104 38 SELL
7588 99 82 BUY
7589 95 43 SELL
7590 92 30 SELL
7591 104 60 BUY
7592 99 87 SELL
7593 99 15 BUY
7594 94 24 BUY
7595 97 30 BUY
7596 104 42 SELL
7597 96 3 SELL
7598 100 75 BUY
7599 102 82 BUY
7600 110 79 SELL
7601 94 27 BUY
7602 99 1 BUY
7603 95 77 SELL
7604 107 71 BUY
7605 102 27 BUY
7606 101 36 SELL
7607 108 79 SELL
7608 99 14 SELL
7609 110 19 BUY
7610 101 5 SELL
7611 96 19 SELL
7612 106 91 SELL
7613 100 92 SELL
7614 110 38 SELL
7615 91 83 BUY
7616 100 13 SELL
7617 106 90 SELL
7618 105 100 BUY
7619 102 76 BUY
7620 102 60 SELL
7621 103 85 SELL
7622 102 58 SELL
7623 107 18 BUY
7624 101 79 SELL
7625 92 17 BUY
7626 107 60 BUY
7627 96 3 SELL
7628 107 48 BUY
7629 110 24 SELL
7630 92 60 BUY
7631 98 88 BUY
7632 90 84 SELL
7633 92 2 SELL
7634 91 66 SELL
7635 101 97 SELL
7636 94 74 SELL
7637 98 80 SELL
7638 93 49 BUY
7639 103 43 SELL
7640 106 80 SELL
7641 92 15 BUY
7642 105 20 SELL
7643 99 83 SELL
7644 108 49 BUY
7645 102 55 BUY
7646 109 34 SELL
7647 90 100 BUY
7648 107 92 BUY
7649 110 59 SELL
7650 107 26 BUY
7651 93 6 BUY
7652 98 81 SELL
7653 95 10 BUY
7654 98 62 BUY
7655 96 68 BUY
7656 93 39 BUY
7657 104 39 SELL
7658 91 70 BUY
7659 92 80 BUY
7660 105 92 BUY
7661 109 16 SELL
7662 96 89 SELL
7663 101 97 SELL
7664 109 90 BUY
7665 100 33 SELL
7666 103 26 SELL
7667 103 90 SELL
7668 106 56 SELL
7669 97 20 BUY
7670 105 30 SELL
7671 106 11 SELL
7672 100 31 SELL
7673 103 57 SELL
7674 98 74 BUY
7675 105 28 BUY
7676 94 29 SELL
7677 103 57 BUY
7678 109 13 SELL
7679 109 39 BUY
7680 102 93 SELL
7681 103 2 BUY
7682 93 25 BUY
7683 100 92 BUY
7684 106 64 BUY
7685 98 55 SELL
7686 103 83 SELL
7687 97 34 BUY
7688 96 99 BUY
7689 99 99 BUY
7690 108 14 BUY
7691 94 34 SELL
7692 96 75 BUY
7693 99 25 SELL
7694 93 36 SELL
7695 94 93 SELL
7696 93 32 SELL
7697 101 78 BUY
7698 109 72 SELL
7699 90 69 SELL
7700 93 40 BUY
7701 108 15 SELL
7702 90 56 SELL
7703 90 42 SELL
7704 98 84 BUY
7705 100 56 BUY
7706 92 33 SELL
7707 95 48 BUY
7708 102 9 SELL
7709 110 76 SELL
7710 94 91 SELL
7711 110 47 SELL
7712 104 44 SELL
7713 98 59 BUY
7714 102 35 SELL
7715 90 85 BUY
7716 108 65 BUY
7717 110 59 BUY
7718 95 47 BUY
7719 96 32 BUY
7720 97 60 BUY
7721 95 97 BUY
7722 92 28 SELL
7723 95 74 SELL
7724 110 11 BUY
7725 96 27 BUY
7726 99 62 BUY
7727 99 98 BUY
7728 110 12 BUY
7729 107 80 SELL
7730 108 70 SELL
7731 93 20 SELL
7732 103 50 BUY
7733 92 15 SELL
7734 106 4 BUY
7735 106 56 BUY
7736 103 74 SELL
7737 97 91 BUY
7738 93 5 BUY
7739 103 78 SELL
7740 105 33 BUY
7741 100 17 BUY
7742 108 71 SELL
7743 103 42 BUY
7744 110 41 SELL
7745 103 2 SELL
7746 99 61 BUY
7747 94 83 BUY
7748 110 81 SELL
7749 107 97 BUY
7750 110 67 SELL
7751 107 50 SELL
7752 100 43 SELL
7753 93 76 BUY
7754 109 70 SELL
7755 105 41 BUY
7756 107 14 SELL
7757 101 50 SELL
7758 98 51 SELL
7759 94 28 SELL
7760 106 13 BUY
7761 109 22 SELL
7762 106 79 SELL
7763 110 85 BUY
7764 99 56 BUY
7765 90 94 BUY
7766 95 59 SELL
7767 109 20 BUY
7768 91 72 SELL
7769 109 19 BUY
7770 93 39 BUY
7771 97 63 SELL
7772 106 61 SELL
7773 100 53 BUY
7774 109 82 SELL
7775 109 40 BUY
7776 94 81 BUY
7777 92 64 SELL
7778 106 25 SELL
7779 109 90 SELL
7780 99 9 SELL
7781 96 48 BUY
7782 92 9 BUY
7783 99 85 BUY
7784 98 47 BUY
7785 105 74 SELL
7786 93 100 SELL
7787 100 92 SELL
7788 93 2 SELL
7789 100 81 BUY
7790 104 8 SELL
7791 95 48 BUY
7792 98 70 BUY
7793 104 55 BUY
7794 92 40 SELL
7795 110 80 BUY
7796 97 20 SELL
7797 100 66 BUY
7798 93 93 SELL
7799 99 22 SELL
7800 95 74 SELL
7801 104 35 BUY
7802 91 69 SELL
7803 92 38 SELL
7804 100 44 BUY
7805 106 68 SELL
7806 90 2 BUY
7807 98 77 SELL
7808 90 61 BUY
7809 99 74 SELL
7810 106 9 BUY
7811 96 76 BUY
7812 96 21 BUY
7813 108 56 BUY
7814 97 66 SELL
7815 92 49 SELL
7816 106 78 BUY
7817 98 53 BUY
7818 97 64 BUY
7819 108 16 SELL
7820 97 42 SELL
7821 101 97 BUY
7822 101 33 BUY
7823 104 18 BUY
7824 105 58 SELL
7825 104 93 BUY
7826 95 6 SELL
7827 92 15 SELL
7828 99 37 BUY
7829 100 14 BUY
7830 104 21 SELL
7831 110 29 BUY
7832 96 71 BUY
7833 99 19 SELL
7834 102 12 BUY
7835 94 44 SELL
7836 107 83 BUY
7837 99 82 BUY
7838 99 17 BUY
7839 103 100 SELL
7840 101 56 BUY
7841 109 93 BUY
7842 109 39 BUY
7843 106 62 BUY
7844 97 20 SELL
7845 108 80 BUY
7846 98 94 BUY
7847 102 36 SELL
7848 107 61 SELL
7849 98 32 BUY
7850 90 18 SELL
7851 90 7 BUY
7852 90 52 BUY
7853 97 85 SELL
7854 107 71 SELL
7855 109 71 BUY
7856 100 79 BUY
7857 102 98 SELL
7858 98 96 SELL
7859 93 8 BUY
7860 99 51 SELL
7861 105 95 SELL
7862 91 66 BUY
7863 105 40 BUY
7864 92 82 BUY
7865 106 55 SELL
7866 109 55 SELL
7867 96 16 BUY
7868 96 70 SELL
7869 95 33 BUY
7870 106 57 SELL
7871 100 49 SELL
7872 109 100 BUY
7873 91 54 SELL
7874 102 20 BUY
7875 107 68 SELL
7876 102 79 SELL
7877 92 50 BUY
7878 91 16 SELL
7879 97 89 BUY
7880 91 49 BUY
7881 100 64 BUY
7882 99 92 BUY
7883 110 85 SELL
7884 95 31 BUY
7885 96 47 BUY
7886 106 8 BUY
7887 93 40 BUY
7888 94 44 SELL
7889 109 12 BUY
7890 105 59 BUY
7891 106 78 SELL
7892 107 21 BUY
7893 105 52 SELL
7894 96 10 SELL
7895 100 29 SELL
7896 110 63 BUY
7897 105 67 SELL
7898 105 59 BUY
7899 97 8 BUY
7900 106 48 BUY
7901 106 86 SELL
7902 103 70 SELL
7903 96 53 BUY
7904 104 35 BUY
7905 100 39 BUY
7906 97 34 SELL
7907 105 45 SELL
7908 107 78 SELL
7909 102 48 BUY
7910 96 97 SELL
7911 90 19 BUY
7912 93 31 BUY
7913 90 71 BUY
7914 103 28 BUY
7915 92 32 BUY
7916 103 29 SELL
7917 92 78 SELL
7918 100 66 BUY
7919 110 40 BUY
7920 98 13 BUY
7921 99 89 BUY
7922 110 3 BUY
7923 105 75 BUY
7924 96 55 SELL
7925 110 5 BUY
7926 92 53 BUY
7927 108 63 SELL
7928 104 51 BUY
7929 95 29 BUY
7930 91 51 BUY
7931 107 20 BUY
7932 92 70 SELL
7933 103 74 SELL
7934 100 84 SELL
7935 101 34 SELL
7936 110 67 SELL
7937 92 15 SELL
7938 102 22 BUY
7939 94 18 BUY
7940 100 2 BUY
7941 104 22 SELL
7942 104 97 SELL
7943 102 4 BUY
7944 98 17 BUY
7945 101 16 SELL
7946 92 32 SELL
7947 106 92 SELL
7948 100 77 SELL
7949 107 1 BUY
7950 107 55 BUY
7951 102 3 SELL
7952 102 82 SELL
7953 109 97 BUY
7954 109 76 SELL
7955 92 71 BUY
7956 93 36 SELL
7957 96 26 BUY
7958 96 51 SELL
7959 106 19 SELL
7960 108 100 BUY
7961 104 54 BUY
7962 90 47 SELL
7963 105 1 BUY
7964 103 41 SELL
7965 91 100 SELL
7966 101 62 BUY
7967 109 97 SELL
7968 94 68 BUY
7969 91 100 BUY
7970 104 11 SELL
7971 98 1 BUY
7972 106 97 BUY
7973 106 43 BUY
7974 103 93 SELL
7975 110 68 BUY
7976 90 79 SELL
7977 91 14 SELL
7978 102 12 SELL
7979 93 100 BUY
7980 102 32 BUY
7981 103 10 SELL
7982 107 93 SELL
7983 103 57 SELL
7984 110 51 SELL
7985 103 2 BUY
7986 107 28 SELL
7987 100 69 BUY
7988 110 50 SELL
7989 98 72 SELL
7990 99 3 BUY
7991 93 45 BUY
7992 108 3 BUY
7993 104 24 BUY
7994 98 12 BUY
7995 101 54 SELL
7996 91 3 BUY
7997 99 66 SELL
7998 102 93 BUY
7999 106 55 SELL
8000 109 100 SELL
8001 104 89 SELL
8002 98 23 BUY
8003 107 50 SELL
8004 103 13 BUY
8005 99 56 BUY
8006 90 45 BUY
8007 100 59 SELL
8008 106 63 BUY
8009 94 21 BUY
8010 92 32 SELL
8011 110 76 SELL
8012 98 17 SELL
8013 92 45 SELL
8014 105 18 SELL
8015 93 36 BUY
8016 90 98 BUY
8017 92 85 BUY
8018 110 17 SELL
8019 98 43 SELL
8020 104 87 SELL
8021 99 98 BUY
8022 103 24 BUY
8023 92 69 BUY
8024 102 55 BUY
8025 95 97 SELL
8026 107 98 BUY
8027 93 62 SELL
8028 106 52 SELL
8029 90 16 BUY
8030 107 57 BUY
8031 108 77 SELL
8032 107 60 BUY
8033 94 85 BUY
8034 100 49 BUY
8035 100 17 SELL
8036 101 95 BUY
8037 104 27 SELL
8038 95 24 SELL
8039 90 48 BUY
8040 92 72 BUY
8041 103 26 BUY
8042 99 87 BUY
8043 110 22 BUY
8044 93 75 SELL
8045 105 69 SELL
8046 104 33 SELL
8047 93 70 SELL
8048 93 12 SELL
8049 100 80 BUY
8050 105 63 SELL
8051 94 1 SELL
8052 103 93 SELL
8053 98 60 BUY
8054 100 22 BUY
8055 103 36 BUY
8056 110 47 SELL
8057 94 56 BUY
8058 103 72 BUY
8059 106 100 SELL
8060 103 6 SELL
8061 92 46 SELL
8062 109 49 BUY
8063 107 22 SELL
8064 90 54 BUY
8065 108 92 SELL
8066 110 50 SELL
8067 104 76 BUY
8068 102 46 BUY
8069 91 35 SELL
8070 107 91 BUY
8071 96 88 SELL
8072 106 100 BUY
8073 108 13 SELL
8074 101 100 BUY
8075 106 39 BUY
8076 96 95 SELL
8077 104 56 BUY
8078 93 40 BUY
8079 105 61 BUY
8080 107 100 BUY
8081 93 70 SELL
8082 109 23 BUY
8083 104 53 BUY
8084 105 66 SELL
8085 100 39 BUY
8086 104 8 BUY
8087 93 71 BUY
8088 91 30 SELL
8089 110 61 SELL
8090 101 63 BUY
8091 98 89 SELL
8092 101 88 BUY
8093 106 6 BUY
8094 109 19 SELL
8095 108 28 SELL
8096 103 30 SELL
8097 110 72 SELL
8098 102 31 BUY
8099 110 4 BUY
8100 94 78 BUY
8101 110 90 BUY
8102 101 31 SELL
8103 103 1 BUY
8104 91 12 BUY
8105 95 14 BUY
8106 108 46 SELL
8107 95 6 BUY
8108 108 99 SELL
8109 110 62 BUY
8110 91 61 SELL
8111 108 95 BUY
8112 103 32 SELL
8113 92 47 SELL
8114 90 44 BUY
8115 110 36 SELL
8116 102 65 BUY
8117 94 92 BUY
8118 93 33 BUY
8119 97 23 SELL
8120 105 20 BUY
8121 108 40 BUY
8122 110 69 SELL
8123 102 96 SELL
8124 98 30 BUY
8125 94 36 SELL
8126 108 94 SELL
8127 92 33 BUY
8128 103 76 SELL
8129 91 3 SELL
8130 97 20 BUY
8131 99 4 SELL
8132 100 45 BUY
8133 107 77 SELL
8134 110 49 BUY
8135 93 71 SELL
8136 99 8 BUY
8137 105 58 BUY
8138 94 74 BUY
8139 105 58 BUY
8140 95 20 SELL
8141 104 71 BUY
8142 107 59 SELL
8143 98 13 SELL
8144 94 33 SELL
8145 98 60 SELL
8146 107 83 SELL
8147 110 69 BUY
8148 92 5 BUY
8149 93 29 SELL
8150 102 13 BUY
8151 90 26 SELL
8152 96 11 SELL
8153 97 31 SELL
8154 103 35 SELL
8155 100 4 SELL
8156 94 20 SELL
8157 100 80 SELL
8158 99 13 SELL
8159 103 50 SELL
8160 92 89 BUY
8161 110 53 SELL
8162 107 98 SELL
8163 91 67 BUY
8164 99 90 BUY
8165 108 63 SELL
8166 100 7 BUY
8167 105 82 BUY
8168 96 45 BUY
8169 99 23 BUY
8170 105 24 BUY
8171 98 15 SELL
8172 94 20 BUY
8173 105 47 BUY
8174 101 6 BUY
8175 103 33 BUY
8176 97 86 BUY
8177 100 49 SELL
8178 110 92 SELL
8179 106 17 SELL
8180 92 8 BUY
8181 101 76 SELL
8182 107 48 BUY
8183 98 34 BUY
8184 98 15 BUY
8185 100 27 BUY
8186 93 73 SELL
8187 100 71 SELL
8188 91 53 SELL
8189 95 83 SELL
8190 103 12 BUY
8191 98 79 BUY
8192 97 89 SELL
8193 97 87 BUY
8194 99 95 SELL
8195 90 100 SELL
8196 109 66 SELL
8197 102 49 SELL
8198 104 32 SELL
8199 98 9 BUY
8200 93 6 SELL
8201 101 97 SELL
8202 90 45 SELL
8203 104 25 SELL
8204 92 79 SELL
8205 107 18 BUY
8206 99 72 BUY
8207 93 28 BUY
8208 101 86 SELL
8209 97 36 BUY
8210 99 48 SELL
8211 90 29 SELL
8212 96 5 SELL
8213 96 77 SELL
8214 92 26 SELL
8215 95 21 BUY
8216 91 86 BUY
8217 106 45 SELL
8218 104 19 BUY
8219 110 60 BUY
8220 105 52 SELL
8221 103 8 SELL
8222 91 8 BUY
8223 95 38 BUY
8224 101 90 SELL
8225 93 57 BUY
8226 100 90 SELL
8227 92 8 SELL
8228 104 57 SELL
8229 110 74 SELL
8230 92 15 BUY
8231 95 89 SELL
8232 109 92 BUY
8233 91 72 BUY
8234 97 1 SELL
8235 110 10 SELL
8236 100 67 BUY
8237 97 44 SELL
8238 108 72 BUY
8239 96 89 SELL
8240 93 78 BUY
8241 104 91 BUY
8242 109 3 BUY
8243 92 75 SELL
8244 101 79 BUY
8245 96 45 SELL
8246 105 41 SELL
8247 105 9 BUY
8248 92 88 SELL
8249 101 100 BUY
8250 110 6 SELL
8251 110 3 SELL
8252 95 4 SELL
8253 107 64 SELL
8254 107 19 BUY
8255 105 16 BUY
8256 105 5 SELL
8257 94 85 SELL
8258 93 59 BUY
8259 95 86 SELL
8260 100 93 BUY
8261 108 42 SELL
8262 102 74 BUY
8263 101 83 SELL
8264 102 90 BUY
8265 97 47 SELL
8266 100 63 SELL
8267 101 56 BUY
8268 104 17 BUY
8269 108 74 SELL
8270 96 62 BUY
8271 92 60 SELL
8272 90 62 BUY
8273 105 69 SELL
8274 99 55 BUY
8275 101 52 SELL
8276 99 51 SELL
8277 102 45 SELL
8278 107 46 SELL
8279 95 37 BUY
8280 97 73 BUY
8281 90 8 SELL
8282 94 48 BUY
8283 93 45 BUY
8284 105 13 SELL
8285 101 23 BUY
8286 97 90 BUY
8287 110 70 BUY
8288 99 97 SELL
8289 107 79 SELL
8290 97 55 SELL
8291 99 17 SELL
8292 108 7 BUY
8293 94 49 BUY
8294 108 26 BUY
8295 101 27 BUY
8296 97 100 SELL
8297 108 10 SELL
8298 103 9 SELL
8299 92 17 SELL
8300 93 12 BUY
8301 92 51 BUY
8302 109 50 BUY
8303 104 17 BUY
8304 109 72 SELL
8305 93 23 BUY
8306 109 67 SELL
8307 99 8 BUY
8308 98 40 BUY
8309 102 10 BUY
8310 96 52 BUY
8311 105 92 BUY
8312 108 89 SELL
8313 92 91 SELL
8314 98 93 SELL
8315 97 55 SELL
8316 103 56 SELL
8317 97 33 BUY
8318 103 58 BUY
8319 105 25 SELL
8320 99 15 BUY
8321 91 31 BUY
8322 92 93 BUY
8323 96 60 BUY
8324 109 80 BUY
8325 104 29 SELL
8326 93 86 BUY
8327 102 50 BUY
8328 90 82 BUY
8329 107 38 BUY
8330 93 90 BUY
8331 91 99 BUY
8332 106 66 BUY
8333 92 40 BUY
8334 104 90 SELL
8335 96 87 SELL
8336 93 1 BUY
8337 110 55 SELL
8338 97 51 BUY
8339 101 85 SELL
8340 91 14 BUY
8341 96 89 BUY
8342 104 55 SELL
8343 97 3 SELL
8344 91 19 BUY
8345 98 52 SELL
8346 100 52 SELL
8347 91 79 SELL
8348 95 16 SELL
8349 102 17 SELL
8350 108 10 BUY
8351 100 9 SELL
8352 95 44 SELL
8353 101 59 SELL
8354 100 15 SELL
8355 109 41 SELL
8356 101 15 BUY
8357 98 72 BUY
8358 90 63 SELL
8359 96 67 SELL
8360 91 75 BUY
8361 99 27 BUY
8362 97 21 SELL
8363 104 27 BUY
8364 97 32 BUY
8365 90 82 BUY
8366 90 10 BUY
8367 100 18 BUY
8368 95 64 BUY
8369 103 97 BUY
8370 93 53 BUY
8371 108 98 BUY
8372 110 68 SELL
8373 92 21 SELL
8374 102 7 SELL
8375 98 1 BUY
8376 109 49 SELL
8377 103 56 SELL
8378 99 4 BUY
8379 103 7 BUY
8380 104 29 BUY
8381 103 84 BUY
8382 104 32 SELL
8383 95 63 BUY
8384 104 40 BUY
8385 100 25 BUY
8386 99 62 SELL
8387 93 14 BUY
8388 106 8 SELL
8389 98 2 SELL
8390 96 19 BUY
8391 98 28 SELL
8392 93 11 BUY
8393 109 38 BUY
8394 96 34 SELL
8395 99 35 SELL
8396 100 70 SELL
8397 97 100 BUY
8398 102 96 BUY
8399 92 67 SELL
8400 107 63 SELL
8401 103 91 BUY
8402 98 45 SELL
8403 93 44 BUY
8404 109 62 SELL
8405 93 4 SELL
8406 95 70 BUY
8407 92 14 SELL
8408 95 86 BUY
8409 110 97 SELL
8410 110 98 SELL
8411 109 21 SELL
8412 95 54 SELL
8413 103 23 BUY
8414 96 42 SELL
8415 109 3 BUY
8416 104 82 BUY
8417 94 35 SELL
8418 100 33 BUY
8419 95 31 BUY
8420 110 83 BUY
8421 107 58 BUY
8422 94 83 SELL
8423 93 70 SELL
8424 105 6 SELL
8425 91 78 SELL
8426 102 18 BUY
8427 107 49 SELL
8428 91 21 SELL
8429 104 29 BUY
8430 110 93 BUY
8431 102 21 SELL
8432 93 9 SELL
8433 90 99 BUY
8434 98 84 BUY
8435 93 29 SELL
8436 95 84 BUY
8437 92 23 BUY
8438 106 7 BUY
8439 96 73 SELL
8440 106 69 SELL
8441 91 94 SELL
8442 91 67 SELL
8443 110 93 BUY
8444 95 95 SELL
8445 98 66 SELL
8446 94 9 BUY
8447 98 56 BUY
8448 92 94 BUY
8449 107 3 BUY
8450 105 19 SELL
8451 107 70 BUY
8452 109 67 BUY
8453 90 43 BUY
8454 96 67 SELL
8455 100 94 BUY
8456 101 3 BUY
8457 109 9 SELL
8458 101 64 BUY
8459 93 87 SELL
8460 103 7 SELL
8461 104 68 BUY
8462 90 42 BUY
8463 100 38 BUY
8464 98 6 SELL
8465 108 82 BUY
8466 95 93 BUY
8467 99 22 SELL
8468 107 96 BUY
8469 108 21 BUY
8470 91 68 BUY
8471 110 6 SELL
8472 106 80 BUY
8473 100 56 BUY
8474 108 26 SELL
8475 96 42 BUY
8476 90 64 BUY
8477 94 52 BUY
8478 94 66 SELL
8479 90 47 SELL
8480 101 100 BUY
8481 96 45 SELL
8482 94 98 BUY
8483 92 29 SELL
8484 108 81 SELL
8485 110 20 BUY
8486 104 43 SELL
8487 99 1 BUY
8488 93 53 BUY
8489 95 64 BUY
8490 107 70 SELL
8491 100 79 SELL
8492 105 56 BUY
8493 105 92 SELL
8494 104 28 SELL
8495 93 70 SELL
8496 107 98 SELL
8497 109 4 SELL
8498 107 63 BUY
8499 96 69 SELL
8500 93 46 BUY
8501 97 10 BUY
8502 107 66 BUY
8503 97 92 SELL
8504 96 95 SELL
8505 103 54 BUY
8506 102 8 SELL
8507 108 22 BUY
8508 108 98 BUY
8509 101 50 BUY
8510 90 80 BUY
8511 101 87 SELL
8512 104 16 BUY
8513 96 68 SELL
8514 102 18 BUY
8515 95 100 SELL
8516 97 85 BUY
8517 97 16 SELL
8518 103 96 BUY
8519 96 26 SELL
8520 102 73 BUY
8521 93 6 SELL
8522 100 56 BUY
8523 100 78 SELL
8524 100 12 SELL
8525 97 92 BUY
8526 94 37 SELL
8527 105 42 BUY
8528 104 68 SELL
8529 91 25 BUY
8530 106 32 BUY
8531 93 35 SELL
8532 96 95 SELL
8533 92 78 BUY
8534 109 27 SELL
8535 108 35 SELL
8536 104 9 SELL
8537 108 59 BUY
8538 94 54 BUY
8539 99 44 BUY
8540 92 78 SELL
8541 94 38 SELL
8542 92 59 SELL
8543 101 8 SELL
8544 104 5 SELL
8545 94 15 SELL
8546 90 90 SELL
8547 104 65 SELL
8548 97 57 SELL
8549 102 11 BUY
8550 104 54 SELL
8551 92 60 BUY
8552 109 36 BUY
8553 103 89 BUY
8554 104 97 BUY
8555 98 22 SELL
8556 96 56 BUY
8557 98 35 BUY
8558 98 52 BUY
8559 91 80 SELL
8560 95 37 BUY
8561 106 8 SELL
8562 104 29 SELL
8563 95 44 SELL
8564 102 34 SELL
8565 102 73 BUY
8566 110 48 SELL
8567 99 66 SELL
8568 108 89 SELL
8569 99 68 BUY
8570 97 49 BUY
8571 107 61 SELL
8572 108 42 BUY
8573 105 98 SELL
8574 109 91 SELL
8575 110 75 SELL
8576 93 16 BUY
8577 98 3 SELL
8578 97 53 BUY
8579 96 21 SELL
8580 108 22 SELL
8581 103 57 SELL
8582 108 85 SELL
8583 95 95 BUY
8584 100 26 BUY
8585 94 22 SELL
8586 106 9 BUY
8587 95 90 SELL
8588 94 50 SELL
8589 108 93 SELL
8590 95 46 BUY
8591 102 1 BUY
8592 103 62 BUY
8593 90 61 BUY
8594 106 94 SELL
8595 103 89 SELL
8596 109 24 SELL
8597 102 94 BUY
8598 92 15 SELL
8599 95 28 SELL
8600 99 100 BUY
8601 90 79 SELL
8602 104 77 BUY
8603 97 89 SELL
8604 100 62 BUY
8605 96 36 BUY
8606 98 41 BUY
8607 90 89 SELL
8608 101 85 SELL
8609 90 83 BUY
8610 107 1 SELL
8611 105 14 SELL
8612 95 28 SELL
8613 97 77 SELL
8614 90 7 SELL
8615 108 94 BUY
8616 92 60 SELL
8617 97 17 SELL
8618 109 3 SELL
8619 109 19 SELL
8620 92 4 BUY
8621 105 55 SELL
8622 97 78 BUY
8623 101 81 SELL
8624 93 77 SELL
8625 93 11 BUY
8626 108 23 SELL
8627 97 86 SELL
8628 90 43 BUY
8629 108 14 BUY
8630 95 24 SELL
8631 99 22 SELL
8632 100 88 BUY
8633 93 48 BUY
8634 101 94 BUY
8635 92 86 BUY
8636 95 61 SELL
8637 91 11 BUY
8638 104 24 BUY
8639 98 85 SELL
8640 95 79 SELL
8641 110 7 BUY
8642 97 82 SELL
8643 103 83 SELL
8644 110 36 BUY
8645 97 1 SELL
8646 101 17 BUY
8647 105 49 BUY
8648 93 63 BUY
8649 108 13 BUY
8650 101 65 BUY
8651 95 26 BUY
8652 107 3 SELL
8653 101 68 SELL
8654 106 53 BUY
8655 107 39 SELL
8656 103 84 SELL
8657 90 13 SELL
8658 100 61 BUY
8659 105 73 BUY
8660 103 62 SELL
8661 97 53 BUY
8662 96 17 BUY
8663 110 43 SELL
8664 98 30 BUY
8665 92 23 BUY
8666 91 8 SELL
8667 103 96 BUY
8668 106 51 BUY
8669 90 96 BUY
8670 105 15 SELL
8671 90 42 SELL
8672 109 31 BUY
8673 104 11 BUY
8674 107 69 BUY
8675 100 39 BUY
8676 109 22 SELL
8677 98 86 SELL
8678 109 31 SELL
8679 97 69 SELL
8680 105 63 SELL
8681 97 30 SELL
8682 100 47 SELL
8683 110 17 BUY
8684 96 7 BUY
8685 94 72 BUY
8686 100 48 SELL
8687 104 74 BUY
8688 107 61 BUY
8689 94 71 BUY
8690 104 26 BUY
8691 102 37 SELL
8692 96 60 BUY
8693 90 58 BUY
8694 103 31 BUY
8695 99 56 BUY
8696 101 60 SELL
8697 110 97 BUY
8698 93 67 SELL
8699 92 68 SELL
8700 102 49 BUY
8701 98 23 SELL
8702 101 36 BUY
8703 105 66 SELL
8704 105 25 BUY
8705 92 35 SELL
8706 103 32 BUY
8707 109 39 BUY
8708 100 43 BUY
8709 93 73 BUY
8710 95 1 BUY
8711 99 38 BUY
8712 94 65 SELL
8713 106 83 BUY
8714 92 58 BUY
8715 99 48 SELL
8716 91 75 BUY
8717 96 88 BUY
8718 109 64 BUY
8719 99 62 BUY
8720 95 6 SELL
8721 109 20 BUY
8722 109 93 BUY
8723 101 84 SELL
8724 105 2 BUY
8725 110 79 SELL
8726 106 21 BUY
8727 104 87 SELL
8728 100 26 BUY
8729 98 52 BUY
8730 100 83 SELL
8731 96 21 BUY
8732 92 34 BUY
8733 103 11 SELL
8734 99 16 BUY
8735 93 25 BUY
8736 108 74 BUY
8737 93 44 SELL
8738 107 23 BUY
8739 99 57 SELL
8740 109 17 BUY
8741 101 4 BUY
8742 103 55 SELL
8743 96 87 SELL
8744 98 34 BUY
8745 105 50 SELL
8746 109 37 BUY
8747 107 66 SELL
8748 109 28 BUY
8749 90 39 BUY
8750 98 8 BUY
8751 100 44 SELL
8752 90 66 SELL
8753 90 66 BUY
8754 110 79 SELL
8755 102 55 BUY
8756 108 23 BUY
8757 101 55 SELL
8758 93 91 SELL
8759 97 51 SELL
8760 96 42 SELL
8761 100 96 BUY
8762 90 31 BUY
8763 90 34 SELL
8764 93 67 BUY
8765 104 92 BUY
8766 107 38 BUY
8767 97 26 BUY
8768 100 3 BUY
8769 107 45 BUY
8770 110 54 BUY
8771 104 52 SELL
8772 100 40 SELL
8773 106 74 SELL
8774 109 44 SELL
8775 93 84 BUY
8776 98 42 SELL
8777 95 6 BUY
8778 104 94 BUY
8779 103 85 BUY
8780 109 14 BUY
8781 91 91 SELL
8782 96 13 BUY
8783 103 93 BUY
8784 94 1 SELL
8785 106 62 BUY
8786 109 84 SELL
8787 100 87 SELL
8788 90 31 BUY
8789 102 6 SELL
8790 98 61 BUY
8791 109 90 BUY
8792 99 36 SELL
8793 90 85 SELL
8794 100 68 SELL
8795 90 5 SELL
8796 93 37 BUY
8797 105 51 BUY
8798 91 26 SELL
8799 101 63 BUY
8800 109 58 BUY
8801 94 14 SELL
8802 110 36 BUY
8803 103 61 BUY
8804 91 18 SELL
8805 90 99 BUY
8806 105 86 BUY
8807 100 24 BUY
8808 100 68 SELL
8809 97 66 SELL
8810 103 99 SELL
8811 99 84 BUY
8812 99 11 SELL
8813 92 94 BUY
8814 110 76 SELL
8815 94 57 SELL
8816 99 52 BUY
8817 105 90 BUY
8818 99 11 SELL
8819 102 97 BUY
8820 101 53 BUY
8821 108 39 SELL
8822 96 100 SELL
8823 94 67 BUY
8824 103 77 SELL
8825 108 100 BUY
8826 90 89 SELL
8827 90 84 BUY
8828 104 35 SELL
8829 110 20 SELL
8830 96 1 BUY
8831 104 34 BUY
8832 92 38 BUY
8833 100 95 BUY
8834 100 18 BUY
8835 95 28 SELL
8836 101 20 SELL
8837 94 35 BUY
8838 103 91 SELL
8839 95 13 BUY
8840 94 64 BUY
8841 93 44 BUY
8842 101 34 SELL
8843 103 2 SELL
8844 103 37 BUY
8845 99 17 SELL
8846 91 51 SELL
8847 90 38 SELL
8848 90 19 SELL
8849 95 58 SELL
8850 94 50 SELL
8851 102 96 BUY
8852 94 86 SELL
8853 94 25 SELL
8854 110 74 SELL
8855 107 13 SELL
8856 107 42 SELL
8857 105 1 BUY
8858 105 72 BUY
8859 95 94 SELL
8860 96 86 BUY
8861 93 97 SELL
8862 98 64 SELL
8863 91 72 SELL
8864 100 15 BUY
8865 96 66 BUY
8866 99 97 BUY
8867 103 34 BUY
8868 108 57 SELL
8869 108 11 BUY
8870 104 60 SELL
8871 102 65 BUY
8872 103 71 SELL
8873 98 61 SELL
8874 97 92 SELL
8875 94 48 SELL
8876 96 97 SELL
8877 105 89 BUY
8878 100 13 BUY
8879 100 40 BUY
8880 108 26 BUY
8881 108 72 BUY
8882 109 74 BUY
8883 94 65 SELL
8884 110 25 BUY
8885 91 23 BUY
8886 95 76 BUY
8887 96 20 SELL
8888 109 9 SELL
8889 107 16 BUY
8890 93 84 SELL
8891 98 1 SELL
8892 98 64 BUY
8893 106 84 SELL
8894 97 86 SELL
8895 100 35 BUY
8896 103 49 SELL
8897 90 72 BUY
8898 96 41 BUY
8899 95 13 BUY
8900 105 98 SELL
8901 96 6 SELL
8902 103 3 BUY
8903 95 58 SELL
8904 96 36 BUY
8905 94 76 BUY
8906 94 79 BUY
8907 98 88 SELL
8908 101 96 BUY
8909 93 63 BUY
8910 103 85 SELL
8911 107 35 SELL
8912 102 35 SELL
8913 105 12 BUY
8914 98 30 SELL
8915 102 66 BUY
8916 97 93 BUY
8917 105 88 SELL
8918 94 69 BUY
8919 97 48 SELL
8920 93 42 SELL
8921 104 32 SELL
8922 95 72 BUY
8923 96 75 SELL
8924 98 74 SELL
8925 91 6 BUY
8926 102 8 BUY
8927 102 76 SELL
8928 91 86 SELL
8929 96 78 SELL
8930 100 17 BUY
8931 91 47 SELL
8932 104 78 BUY
8933 103 60 SELL
8934 95 2 BUY
8935 106 91 SELL
8936 100 2 BUY
8937 99 14 BUY
8938 108 66 SELL
8939 98 52 SELL
8940 92 87 SELL
8941 100 55 SELL
8942 99 43 BUY
8943 103 85 SELL
8944 103 45 BUY
8945 105 3 BUY
8946 104 78 SELL
8947 103 61 SELL
8948 96 39 BUY
8949 106 37 SELL
8950 99 50 SELL
8951 94 19 SELL
8952 109 80 BUY
8953 105 99 BUY
8954 105 55 BUY
8955 98 69 SELL
8956 104 51 BUY
8957 91 4 BUY
8958 93 58 BUY
8959 109 48 SELL
8960 103 55 BUY
8961 106 95 SELL
8962 97 66 BUY
8963 110 45 BUY
8964 95 95 BUY
8965 99 13 BUY
8966 95 41 SELL
8967 94 81 BUY
8968 103 97 SELL
8969 96 56 SELL
8970 103 7 SELL
8971 101 42 BUY
8972 99 62 SELL
8973 107 14 BUY
8974 94 30 BUY
8975 94 7 SELL
8976 99 47 SELL
8977 103 79 SELL
8978 96 15 BUY
8979 104 42 SELL
8980 104 47 SELL
8981 99 85 BUY
8982 94 22 SELL
8983 110 89 BUY
8984 98 36 BUY
8985 90 69 BUY
8986 97 57 SELL
8987 91 49 SELL
8988 91 50 BUY
8989 102 20 SELL
8990 99 7 SELL
8991 94 65 BUY
8992 100 90 SELL
8993 107 98 BUY
8994 108 86 SELL
8995 108 48 BUY
8996 97 98 BUY
8997 96 75 BUY
8998 109 59 SELL
8999 108 52 BUY
9000 99 3 BUY
9001 94 76 SELL
9002 101 60 BUY
9003 110 19 SELL
9004 95 66 BUY
9005 104 32 SELL
9006 94 22 BUY
9007 96 87 BUY
9008 98 5 SELL
9009 110 40 BUY
9010 100 35 BUY
9011 105 38 BUY
9012 106 33 SELL
9013 91 94 SELL
9014 99 60 BUY
9015 94 20 SELL
9016 97 42 BUY
9017 90 82 BUY
9018 97 89 SELL
9019 94 63 BUY
9020 97 75 BUY
9021 91 84 BUY
9022 100 54 BUY
9023 93 78 SELL
9024 104 1 SELL
9025 90 12 BUY
9026 109 11 BUY
9027 103 94 SELL
9028 101 87 SELL
9029 96 50 SELL
9030 109 84 BUY
9031 105 41 SELL
9032 106 100 SELL
9033 106 16 BUY
9034 97 63 SELL
9035 90 51 BUY
9036 97 66 BUY
9037 96 77 SELL
9038 93 75 BUY
9039 98 12 SELL
9040 106 31 BUY
9041 110 63 SELL
9042 100 48 BUY
9043 91 20 BUY
9044 105 72 BUY
9045 108 14 BUY
9046 106 19 SELL
9047 101 76 BUY
9048 97 19 BUY
9049 96 87 BUY
9050 105 90 BUY
9051 106 8 BUY
9052 103 71 BUY
9053 104 89 SELL
9054 109 87 BUY
9055 90 67 BUY
9056 108 91 BUY
9057 100 21 BUY
9058 96 3 BUY
9059 109 71 BUY
9060 100 78 SELL
9061 107 8 BUY
9062 107 48 BUY
9063 92 3 BUY
9064 97 88 SELL
9065 110 66 SELL
9066 90 38 SELL
9067 103 21 SELL
9068 93 93 BUY
9069 107 79 BUY
9070 107 95 BUY
9071 91 71 SELL
9072 97 18 BUY
9073 93 39 SELL
9074 99 54 BUY
9075 107 33 SELL
9076 95 94 BUY
9077 100 55 SELL
9078 109 45 SELL
9079 90 28 SELL
9080 106 48 SELL
9081 91 89 SELL
9082 99 62 SELL
9083 104 86 SELL
9084 94 53 BUY
9085 107 48 BUY
9086 103 87 SELL
9087 98 62 BUY
9088 102 47 BUY
9089 98 40 SELL
9090 107 20 BUY
9091 93 59 BUY
9092 93 70 BUY
9093 104 51 SELL
9094 103 53 SELL
9095 97 19 SELL
9096 104 11 SELL
9097 105 18 BUY
9098 106 59 SELL
9099 94 32 BUY
9100 101 9 SELL
9101 106 42 BUY
9102 108 100 SELL
9103 91 49 SELL
9104 100 83 SELL
9105 101 56 SELL
9106 109 100 BUY
9107 110 11 SELL
9108 109 96 SELL
9109 107 47 BUY
9110 100 43 SELL
9111 104 84 BUY
9112 100 10 SELL
9113 96 81 SELL
9114 106 84 SELL
9115 90 75 SELL
9116 105 48 BUY
9117 106 95 BUY
9118 97 76 SELL
9119 93 90 SELL
9120 97 76 SELL
9121 107 54 SELL
9122 105 34 BUY
9123 90 89 BUY
9124 99 17 BUY
9125 98 70 BUY
9126 97 23 SELL
9127 105 29 SELL
9128 97 11 BUY
9129 108 78 SELL
9130 96 61 SELL
9131 95 70 BUY
9132 101 48 BUY
9133 105 96 BUY
9134 90 60 SELL
9135 107 76 BUY
9136 101 51 BUY
9137 93 84 SELL
9138 101 37 SELL
9139 100 57 BUY
9140 90 38 BUY
9141 95 75 SELL
9142 108 2 SELL
9143 100 30 BUY
9144 94 42 SELL
9145 107 18 SELL
9146 91 36 SELL
9147 109 95 SELL
9148 107 38 SELL
9149 97 44 BUY
9150 101 1 SELL
9151 101 85 SELL
9152 97 49 SELL
9153 99 32 BUY
9154 108 69 SELL
9155 110 29 BUY
9156 93 81 SELL
9157 102 100 SELL
9158 90 14 SELL
9159 106 85 BUY
9160 100 42 BUY
9161 103 94 BUY
9162 96 61 BUY
9163 90 95 SELL
9164 102 87 SELL
9165 107 48 SELL
9166 103 7 BUY
9167 99 61 SELL
9168 99 98 SELL
9169 90 50 SELL
9170 104 83 SELL
9171 99 29 BUY
9172 99 66 BUY
9173 97 49 BUY
9174 107 57 BUY
9175 108 33 SELL
9176 98 92 SELL
9177 98 71 SELL
9178 102 67 BUY
9179 107 18 BUY
9180 101 67 BUY
9181 92 66 BUY
9182 90 51 SELL
9183 102 22 SELL
9184 95 59 BUY
9185 106 86 BUY
9186 92 26 SELL
9187 100 12 SELL
9188 96 95 SELL
9189 101 42 BUY
9190 90 88 BUY
9191 91 23 SELL
9192 100 92 SELL
9193 98 7 SELL
9194 108 10 SELL
9195 97 43 BUY
9196 104 1 SELL
9197 100 95 BUY
9198 90 85 SELL
9199 102 67 BUY
9200 98 95 SELL
9201 105 99 SELL
9202 96 7 BUY
9203 95 88 BUY
9204 109 91 SELL
9205 94 24 SELL
9206 105 67 SELL
9207 91 64 BUY
9208 100 36 BUY
9209 102 49 BUY
9210 93 73 BUY
9211 105 74 BUY
9212 96 20 BUY
9213 104 61 SELL
9214 99 20 BUY
9215 107 58 SELL
9216 98 60 BUY
9217 96 100 SELL
9218 110 41 BUY
9219 101 28 BUY
9220 103 56 SELL
9221 93 62 BUY
9222 93 66 SELL
9223 90 13 SELL
9224 90 7 BUY
9225 91 59 SELL
9226 96 13 SELL
9227 99 20 BUY
9228 107 75 BUY
9229 99 62 BUY
9230 108 99 SELL
9231 99 80 BUY
9232 108 55 SELL
9233 95 78 BUY
9234 110 40 BUY
9235 104 33 BUY
9236 102 83 BUY
9237 97 5 SELL
9238 92 62 SELL
9239 93 93 BUY
9240 96 42 BUY
9241 99 35 SELL
9242 100 95 SELL
9243 103 91 BUY
9244 98 34 BUY
9245 97 43 BUY
9246 94 28 BUY
9247 95 96 BUY
9248 104 99 SELL
9249 97 76 SELL
9250 108 55 BUY
9251 104 95 BUY
9252 90 57 SELL
9253 90 55 SELL
9254 102 57 BUY
9255 105 65 BUY
9256 102 42 BUY
9257 95 99 SELL
9258 93 55 SELL
9259 90 85 BUY
9260 95 2 BUY
9261 106 3 BUY
9262 106 71 SELL
9263 98 57 SELL
9264 102 42 BUY
9265 98 64 BUY
9266 97 57 SELL
9267 110 53 SELL
9268 102 6 BUY
9269 96 31 BUY
9270 91 18 SELL
9271 97 11 SELL
9272 98 44 BUY
9273 106 65 BUY
9274 109 62 SELL
9275 97 74 SELL
9276 94 42 SELL
9277 104 94 SELL
9278 109 73 BUY
9279 102 82 SELL
9280 109 96 BUY
9281 105 16 BUY
9282 104 40 SELL
9283 105 78 SELL
9284 106 35 SELL
9285 98 64 BUY
9286 95 85 SELL
9287 108 40 BUY
9288 98 75 BUY
9289 110 47 BUY
9290 101 90 SELL
9291 96 9 BUY
9292 109 53 SELL
9293 95 97 BUY
9294 102 45 BUY
9295 101 43 SELL
9296 97 6 BUY
9297 95 86 SELL
9298 94 40 SELL
9299 106 20 BUY
9300 92 61 SELL
9301 93 80 SELL
9302 99 87 SELL
9303 92 29 SELL
9304 108 19 BUY
9305 105 22 BUY
9306 109 59 BUY
9307 101 27 SELL
9308 95 15 BUY
9309 107 100 SELL
9310 109 62 SELL
9311 99 98 BUY
9312 108 73 BUY
9313 91 80 SELL
9314 101 96 SELL
9315 110 6 SELL
9316 109 25 SELL
9317 100 87 BUY
9318 101 34 BUY
9319 97 40 SELL
9320 108 1 SELL
9321 101 9 BUY
9322 101 20 BUY
9323 106 91 BUY
9324 99 66 SELL
9325 90 40 BUY
9326 91 9 BUY
9327 107 78 BUY
9328 100 85 SELL
9329 95 16 SELL
9330 104 94 SELL
9331 90 28 SELL
9332 95 1 BUY
9333 107 98 SELL
9334 106 48 BUY
9335 108 69 SELL
9336 107 88 BUY
9337 102 10 SELL
9338 101 14 SELL
9339 90 66 BUY
9340 102 66 BUY
9341 96 27 SELL
9342 100 94 SELL
9343 90 92 BUY
9344 106 51 SELL
9345 98 68 BUY
9346 104 46 SELL
9347 104 15 BUY
9348 104 9 SELL
9349 96 64 BUY
9350 106 20 BUY
9351 108 25 BUY
9352 92 39 BUY
9353 110 81 SELL
9354 92 95 SELL
9355 106 44 BUY
9356 93 17 BUY
9357 94 74 BUY
9358 103 41 BUY
9359 90 5 SELL
9360 101 29 BUY
9361 105 8 BUY
9362 102 24 BUY
9363 98 25 SELL
9364 108 9 SELL
9365 105 27 BUY
9366 106 98 SELL
9367 107 7 BUY
9368 99 65 BUY
9369 90 87 BUY
9370 101 89 SELL
9371 100 85 BUY
9372 95 53 SELL
9373 94 40 SELL
9374 97 35 BUY
9375 97 90 BUY
9376 105 76 SELL
9377 92 85 SELL
9378 110 85 BUY
9379 93 88 BUY
9380 104 4 BUY
9381 98 56 BUY
9382 91 65 BUY
9383 106 21 SELL
9384 99 7 BUY
9385 90 19 SELL
9386 96 51 BUY
9387 99 72 SELL
9388 103 3 SELL
9389 101 89 BUY
9390 90 34 SELL
9391 106 13 SELL
9392 97 91 SELL
9393 96 37 SELL
9394 90 25 BUY
9395 98 19 BUY
9396 110 45 BUY
9397 100 49 SELL
9398 109 92 SELL
9399 98 87 BUY
9400 92 72 SELL
9401 96 35 SELL
9402 105 64 SELL
9403 101 11 BUY
9404 106 16 BUY
9405 108 13 SELL
9406 91 96 SELL
9407 91 39 SELL
9408 110 75 BUY
9409 106 40 BUY
9410 98 26 SELL
9411 99 36 SELL
9412 98 24 BUY
9413 96 8 SELL
9414 104 8 BUY
9415 91 29 SELL
9416 96 43 BUY
9417 104 98 BUY
9418 102 71 BUY
9419 101 11 SELL
9420 110 59 SELL
9421 108 48 BUY
9422 90 42 SELL
9423 105 84 SELL
9424 91 58 BUY
9425 92 93 BUY
9426 94 6 BUY
9427 94 91 BUY
9428 102 100 BUY
9429 93 23 BUY
9430 95 46 BUY
9431 109 41 SELL
9432 98 94 BUY
9433 100 19 BUY
9434 100 27 SELL
9435 97 81 SELL
9436 104 51 SELL
9437 100 78 SELL
9438 107 6 BUY
9439 101 55 BUY
9440 100 66 BUY
9441 108 68 BUY
9442 90 44 SELL
9443 99 22 SELL
9444 94 8 SELL
9445 91 11 BUY
9446 110 62 BUY
9447 91 51 SELL
9448 92 29 BUY
9449 104 64 SELL
9450 109 68 BUY
9451 91 49 BUY
9452 106 56 SELL
9453 92 29 BUY
9454 104 52 BUY
9455 99 34 BUY
9456 100 72 SELL
9457 90 19 SELL
9458 93 18 SELL
9459 99 19 SELL
9460 90 44 BUY
9461 90 92 BUY
9462 94 50 SELL
9463 93 15 SELL
9464 93 6 BUY
9465 107 49 BUY
9466 95 23 SELL
9467 94 84 BUY
9468 110 56 SELL
9469 99 96 SELL
9470 92 12 BUY
9471 98 68 SELL
9472 91 32 BUY
9473 94 99 SELL
9474 91 39 BUY
9475 107 11 BUY
9476 102 25 SELL
9477 92 46 BUY
9478 102 73 SELL
9479 90 85 BUY
9480 110 98 SELL
9481 98 79 BUY
9482 94 76 SELL
9483 97 49 BUY
9484 104 74 BUY
9485 106 53 SELL
9486 93 68 SELL
9487 93 94 SELL
9488 107 3 SELL
9489 96 10 SELL
9490 109 35 BUY
9491 104 76 BUY
9492 98 72 SELL
9493 99 77 BUY
9494 105 53 SELL
9495 100 62 SELL
9496 100 99 BUY
9497 108 39 SELL
9498 106 65 SELL
9499 92 80 SELL
9500 96 35 SELL
9501 99 42 BUY
9502 107 68 SELL
9503 96 95 BUY
9504 94 74 BUY
9505 98 95 SELL
9506 104 18 SELL
9507 101 66 SELL
9508 92 89 SELL
9509 109 59 BUY
9510 110 60 SELL
9511 90 41 BUY
9512 101 32 SELL
9513 106 60 SELL
9514 107 23 BUY
9515 97 48 SELL
9516 92 37 BUY
9517 93 7 SELL
9518 101 53 SELL
9519 91 29 SELL
9520 107 95 BUY
9521 106 87 BUY
9522 100 30 SELL
9523 99 49 BUY
9524 106 20 BUY
9525 100 48 BUY
9526 109 93 BUY
9527 100 57 BUY
9528 110 27 SELL
9529 90 19 SELL
9530 105 11 SELL
9531 98 90 SELL
9532 97 49 SELL
9533 96 4 SELL
9534 99 1 SELL
9535 93 64 BUY
9536 102 40 BUY
9537 97 42 BUY
9538 91 91 SELL
9539 104 75 SELL
9540 92 100 SELL
9541 95 29 BUY
9542 93 2 BUY
9543 97 50 BUY
9544 100 88 BUY
9545 97 87 SELL
9546 92 94 BUY
9547 108 49 SELL
9548 104 59 SELL
9549 92 75 SELL
9550 94 79 BUY
9551 104 16 BUY
9552 96 20 SELL
9553 102 78 BUY
9554 105 85 SELL
9555 103 65 BUY
9556 106 65 SELL
9557 108 29 BUY
9558 100 65 BUY
9559 96 1 BUY
9560 100 5 BUY
9561 102 41 SELL
9562 108 100 SELL
9563 106 28 BUY
9564 98 32 BUY
9565 91 12 BUY
9566 110 83 BUY
9567 104 84 BUY
9568 98 56 BUY
9569 90 41 BUY
9570 96 65 SELL
9571 95 75 SELL
9572 90 55 BUY
9573 107 50 BUY
9574 107 65 SELL
9575 100 36 SELL
9576 93 52 SELL
9577 105 4 SELL
9578 110 96 BUY
9579 102 86 SELL
9580 101 53 SELL
9581 94 22 BUY
9582 93 60 BUY
9583 103 40 BUY
9584 97 85 BUY
9585 105 37 SELL
9586 103 54 SELL
9587 103 58 BUY
9588 101 75 BUY
9589 105 71 SELL
9590 99 46 SELL
9591 93 7 BUY
9592 96 96 BUY
9593 105 11 SELL
9594 95 32 SELL
9595 91 90 SELL
9596 93 50 SELL
9597 102 45 BUY
9598 90 11 BUY
9599 100 51 SELL
9600 94 7 BUY
9601 99 46 BUY
9602 97 91 SELL
9603 109 48 SELL
9604 110 20 BUY
9605 93 70 BUY
9606 92 33 SELL
9607 108 14 SELL
9608 91 67 SELL
9609 102 40 SELL
9610 110 66 SELL
9611 104 50 BUY
9612 107 65 BUY
9613 103 17 BUY
9614 101 51 SELL
9615 108 2 BUY
9616 98 2 BUY
9617 106 62 SELL
9618 101 37 SELL
9619 92 55 BUY
9620 94 34 BUY
9621 95 75 SELL
9622 96 85 SELL
9623 105 58 BUY
9624 90 56 BUY
9625 101 11 SELL
9626 95 64 BUY
9627 96 64 SELL
9628 93 59 BUY
9629 105 59 BUY
9630 104 15 BUY
9631 110 32 BUY
9632 92 7 BUY
9633 97 83 SELL
9634 103 7 SELL
9635 106 50 SELL
9636 107 81 SELL
9637 110 85 BUY
9638 91 26 SELL
9639 109 70 SELL
9640 92 9 SELL
9641 101 56 BUY
9642 106 65 SELL
9643 104 47 SELL
9644 104 23 BUY
9645 95 43 SELL
9646 93 8 BUY
9647 90 23 BUY
9648 96 98 SELL
9649 100 21 BUY
9650 104 47 SELL
9651 110 8 BUY
9652 102 84 BUY
9653 109 59 BUY
9654 100 89 BUY
9655 97 30 BUY
9656 90 92 SELL
9657 104 92 BUY
9658 103 92 SELL
9659 109 7 BUY
9660 94 43 BUY
9661 94 15 SELL
9662 104 58 SELL
9663 105 73 SELL
9664 102 100 SELL
9665 110 93 BUY
9666 97 50 SELL
9667 105 6 BUY
9668 107 43 SELL
9669 104 88 SELL
9670 95 60 BUY
9671 97 67 BUY
9672 101 69 SELL
9673 103 29 BUY
9674 93 45 SELL
9675 104 88 BUY
9676 101 56 SELL
9677 104 3 BUY
9678 94 52 BUY
9679 94 52 BUY
9680 93 25 SELL
9681 106 15 BUY
9682 107 31 BUY
9683 108 60 BUY
9684 108 8 BUY
9685 92 19 BUY
9686 110 18 SELL
9687 97 49 SELL
9688 91 50 BUY
9689 98 68 SELL
9690 101 58 SELL
9691 100 14 BUY
9692 98 51 BUY
9693 110 25 BUY
9694 105 13 SELL
9695 95 62 BUY
9696 99 70 SELL
9697 103 32 SELL
9698 97 7 BUY
9699 100 37 BUY
9700 106 60 SELL
9701 94 85 SELL
9702 96 82 SELL
9703 96 19 SELL
9704 110 28 SELL
9705 95 50 BUY
9706 106 27 SELL
9707 91 12 SELL
9708 105 61 SELL
9709 106 23 SELL
9710 99 100 SELL
9711 106 68 SELL
9712 102 43 SELL
9713 102 54 SELL
9714 101 13 SELL
9715 96 75 BUY
9716 109 16 BUY
9717 96 48 SELL
9718 106 71 BUY
9719 98 35 BUY
9720 100 11 SELL
9721 100 5 BUY
9722 110 81 BUY
9723 93 43 SELL
9724 90 61 SELL
9725 96 1 BUY
9726 95 75 SELL
9727 93 52 BUY
9728 102 69 BUY
9729 110 27 SELL
9730 106 14 SELL
9731 104 43 SELL
9732 90 49 BUY
9733 105 62 BUY
9734 98 4 BUY
9735 106 4 BUY
9736 90 61 BUY
9737 91 3 BUY
9738 106 41 BUY
9739 109 38 BUY
9740 92 14 SELL
9741 104 70 SELL
9742 102 27 SELL
9743 97 27 BUY
9744 98 26 BUY
9745 97 84 SELL
9746 100 29 SELL
9747 105 26 BUY
9748 99 24 BUY
9749 94 92 SELL
9750 98 17 BUY
9751 105 9 BUY
9752 97 25 BUY
9753 98 97 BUY
9754 107 15 SELL
9755 107 44 SELL
9756 102 31 SELL
9757 96 2 BUY
9758 91 62 SELL
9759 98 77 BUY
9760 93 75 BUY
9761 98 20 SELL
9762 99 6 SELL
9763 96 82 BUY
9764 108 9 BUY
9765 97 93 SELL
9766 98 39 SELL
9767 90 6 SELL
9768 96 1 BUY
9769 108 64 BUY
9770 103 32 BUY
9771 98 71 SELL
9772 90 2 SELL
9773 91 52 BUY
9774 105 98 BUY
9775 96 17 SELL
9776 92 42 SELL
9777 103 55 BUY
9778 104 79 BUY
9779 98 89 SELL
9780 92 27 BUY
9781 93 57 SELL
9782 93 93 BUY
9783 98 54 SELL
9784 91 89 BUY
9785 91 16 SELL
9786 93 27 BUY
9787 106 4 BUY
9788 94 99 SELL
9789 100 27 SELL
9790 107 11 SELL
9791 97 29 SELL
9792 100 49 SELL
9793 102 80 BUY
9794 108 4 BUY
9795 94 28 BUY
9796 108 97 BUY
9797 94 53 SELL
9798 94 49 BUY
9799 92 89 BUY
9800 108 84 BUY
9801 90 21 BUY
9802 106 68 SELL
9803 94 77 BUY
9804 99 51 SELL
9805 90 36 BUY
9806 96 52 BUY
9807 96 88 BUY
9808 102 3 BUY
9809 107 22 BUY
9810 100 87 SELL
9811 98 74 BUY
9812 109 93 SELL
9813 110 84 SELL
9814 107 51 SELL
9815 103 34 SELL
9816 97 50 BUY
9817 92 28 BUY
9818 100 19 BUY
9819 110 27 SELL
9820 103 76 SELL
9821 98 78 SELL
9822 101 12 SELL
9823 102 75 BUY
9824 90 2 BUY
9825 102 93 BUY
9826 103 79 SELL
9827 107 55 BUY
9828 98 73 BUY
9829 98 34 BUY
9830 90 74 BUY
9831 90 31 SELL
9832 101 22 BUY
9833 91 18 BUY
9834 110 95 SELL
9835 102 3 BUY
9836 90 31 BUY
9837 99 33 BUY
9838 93 93 BUY
9839 104 69 BUY
9840 106 30 SELL
9841 109 15 SELL
9842 102 49 BUY
9843 102 25 SELL
9844 106 73 SELL
9845 90 95 SELL
9846 108 78 SELL
9847 101 69 SELL
9848 92 45 SELL
9849 110 79 SELL
9850 94 97 SELL
9851 93 76 SELL
9852 98 43 BUY
9853 95 63 BUY
9854 96 56 BUY
9855 99 77 BUY
9856 96 70 SELL
9857 97 13 BUY
9858 98 60 BUY
9859 107 84 BUY
9860 109 69 BUY
9861 101 90 SELL
9862 106 27 BUY
9863 90 51 BUY
9864 96 29 SELL
9865 102 57 BUY
9866 96 88 SELL
9867 100 52 BUY
9868 102 82 SELL
9869 103 74 BUY
9870 96 95 SELL
9871 94 75 BUY
9872 94 32 BUY
9873 91 16 BUY
9874 93 97 SELL
9875 98 53 SELL
9876 103 77 BUY
9877 105 50 SELL
9878 91 38 SELL
9879 103 87 BUY
9880 99 29 BUY
9881 104 59 BUY
9882 98 52 SELL
9883 109 56 BUY
9884 101 79 SELL
9885 103 30 SELL
9886 99 89 SELL
9887 97 74 BUY
9888 103 48 SELL
9889 101 72 BUY
9890 109 81 BUY
9891 102 42 BUY
9892 110 50 SELL
9893 105 78 BUY
9894 91 80 SELL
9895 109 82 BUY
9896 90 46 SELL
9897 103 57 BUY
9898 91 17 SELL
9899 110 60 SELL
9900 90 11 SELL
9901 97 60 BUY
9902 93 37 SELL
9903 103 21 BUY
9904 105 80 BUY
9905 103 62 SELL
9906 103 67 BUY
9907 96 75 BUY
9908 99 36 BUY
9909 108 86 SELL
9910 97 16 SELL
9911 93 2 BUY
9912 110 54 BUY
9913 93 23 SELL
9914 103 69 BUY
9915 109 66 BUY
9916 101 100 BUY
9917 108 6 SELL
9918 98 11 BUY
9919 101 9 SELL
9920 109 24 BUY
9921 99 36 SELL
9922 100 38 BUY
9923 90 80 BUY
9924 104 91 SELL
9925 99 1 BUY
9926 97 41 SELL
9927 94 11 SELL
9928 102 11 SELL
9929 102 66 SELL
9930 108 31 BUY
9931 103 67 SELL
9932 90 37 BUY
9933 97 78 BUY
9934 110 62 BUY
9935 105 69 BUY
9936 93 11 BUY
9937 105 4 BUY
9938 90 26 SELL
9939 91 8 BUY
9940 90 87 BUY
9941 109 78 BUY
9942 107 34 SELL
9943 107 8 BUY
9944 107 75 BUY
9945 102 2 BUY
9946 109 8 BUY
9947 95 92 BUY
9948 101 10 SELL
9949 91 74 SELL
9950 95 42 SELL
9951 93 87 SELL
9952 90 98 BUY
9953 95 10 BUY
9954 108 2 BUY
9955 100 68 SELL
9956 99 5 SELL
9957 92 8 BUY
9958 101 87 SELL
9959 96 54 BUY
9960 90 73 BUY
9961 97 26 BUY
9962 108 80 SELL
9963 104 75 SELL
9964 110 41 BUY
9965 102 34 BUY
9966 96 28 BUY
9967 92 84 SELL
9968 106 54 SELL
9969 92 15 BUY
9970 97 76 BUY
9971 97 22 BUY
9972 110 31 SELL
9973 90 40 BUY
9974 93 58 BUY
9975 96 9 SELL
9976 108 44 BUY
9977 105 74 SELL
9978 92 86 BUY
9979 99 46 SELL
9980 108 22 BUY
9981 101 60 SELL
9982 102 94 SELL
9983 109 25 BUY
9984 105 12 SELL
9985 109 59 BUY
9986 108 82 SELL
9987 94 85 SELL
9988 105 31 BUY
9989 91 6 SELL
9990 101 12 BUY
9991 92 73 SELL
9992 109 65 BUY
9993 107 17 SELL
9994 98 59 BUY
9995 102 27 BUY
9996 109 11 SELL
9997 102 85 SELL
9998 105 84 SELL
9999 90 62 BUY
10000 100 37 BUY
